start,end,loc,site,prec,I30,sm,rc
4/11/2008 20:55,4/12/2008 3:41,pagel,df1,0.11,0.39,44.17,0
4/11/2008 5:49,4/11/2008 7:59,pagel,df1,0.11,0.18,41.8,0
4/11/2008 10:34,4/11/2008 15:26,pagel,df1,0.31,0.32,41.8,0.022983282
4/11/2008 20:54,4/12/2008 3:41,pagel,df1,0.12,0.06,41.8,0
4/12/2008 9:42,4/12/2008 15:16,pagel,df1,0.16,0.08,41.3,0
3/31/2007 19:24,4/1/2007 1:23,pagel,df1,0.607,0.314,40.6,0.001471285
6/12/2008 17:18,6/13/2008 3:25,pagel,df1,2.18,1.94,39.6,0.310682272
6/12/2008 12:14,6/12/2008 13:53,pagel,df1,0.12,0.2,39.2,0
3/30/2007 21:15,3/31/2007 4:27,pagel,df1,0.117,0.072,38.7,0.003543574
6/20/2008 15:46,6/20/2008 16:54,pagel,df1,0.13,0.14,38.5,0
6/8/2009 13:25,6/8/2009 15:56,pagel,df1,0.355,0.458,38.5,0.025352113
5/1/2007 17:52,5/1/2007 19:09,pagel,df1,0.265,0.422,38.4,0
4/10/2008 15:27,4/11/2008 3:38,pagel,df1,1.13,0.28,38.4,0.103728166
4/26/2009 2:20,4/26/2009 12:00,pagel,df1,0.297,0.09,38.2,0
4/18/2007 6:25,4/18/2007 13:12,pagel,df1,0.117,0.054,37.8,0
4/25/2008 18:02,4/25/2008 21:47,pagel,df1,0.49,0.54,37.5,0
4/25/2009 17:57,4/25/2009 21:50,pagel,df1,0.261,0.162,37.3,0
4/18/2008 4:48,4/18/2008 5:50,pagel,df1,0.13,0.2,37.1,0
3/25/2007 3:33,3/25/2007 6:37,pagel,df1,0.135,0.126,36.6,0
4/25/2008 10:58,4/25/2008 12:36,pagel,df1,0.17,0.26,36.6,0
5/2/2008 13:36,5/2/2008 18:12,pagel,df1,0.2,0.18,36.5,0
4/26/2007 11:25,4/26/2007 18:04,pagel,df1,0.288,0.126,36.2,0
4/8/2008 16:29,4/9/2008 6:22,pagel,df1,1.13,0.26,36.2,0.002119188
4/22/2008 12:13,4/22/2008 14:59,pagel,df1,0.16,0.16,36.2,0
4/21/2009 4:22,4/21/2009 16:09,pagel,df1,0.432,0.072,36,0
6/18/2006 9:21,6/18/2006 10:51,pagel,df1,0.108,0.108,35.8,0
6/8/2008 18:19,6/9/2008 3:26,pagel,df1,1.1,0.94,35.7,0.393120789
4/25/2008 4:16,4/25/2008 5:32,pagel,df1,0.16,0.18,35.6,0
4/20/2009 13:33,4/20/2009 20:32,pagel,df1,0.126,0.054,35.6,0
5/1/2007 0:17,5/1/2007 5:32,pagel,df1,0.558,0.27,35.5,0
6/8/2009 2:00,6/8/2009 7:17,pagel,df1,0.675,0.378,35.5,0.005925926
4/24/2008 20:03,4/25/2008 0:02,pagel,df1,0.11,0.08,35.4,0
4/25/2009 5:31,4/25/2009 10:56,pagel,df1,0.405,0.378,35.3,0
6/25/2006 3:29,6/25/2006 7:20,pagel,df1,0.117,0.108,35.2,0
6/28/2008 1:23,6/28/2008 3:37,pagel,df1,0.17,0.26,35.2,0
10/18/2006 16:10,10/18/2006 18:35,pagel,df1,0.108,0.09,35.1,0
5/1/2008 21:08,5/2/2008 3:10,pagel,df1,0.38,0.22,35,0
10/21/2006 19:19,10/22/2006 5:55,pagel,df1,0.324,0.072,34.8,0
3/24/2009 8:25,3/24/2009 9:29,pagel,df1,0.099,0.126,34.3,0
5/9/2009 2:24,5/9/2009 8:14,pagel,df1,0.18,0.108,33.3,0
7/2/2008 7:52,7/2/2008 11:07,pagel,df1,0.79,0.56,33.2,0
6/7/2009 13:14,6/7/2009 15:08,pagel,df1,0.297,0.378,33.2,0
3/31/2009 14:27,3/31/2009 21:37,pagel,df1,0.315,0.126,33.1,0
7/6/2008 22:41,7/7/2008 0:29,pagel,df1,0.18,0.2,32.9,0
7/7/2008 20:05,7/7/2008 22:06,pagel,df1,0.14,0.24,32.6,0
5/14/2008 2:37,5/14/2008 7:58,pagel,df1,0.21,0.2,32.5,0
11/27/2006 22:33,11/28/2006 9:47,pagel,df1,0.558,0.144,32.1,0
5/13/2009 19:44,5/14/2009 1:34,pagel,df1,0.459,0.306,32.1,0
4/19/2009 17:45,4/20/2009 9:15,pagel,df1,0.639,0.144,31.1,0
4/19/2009 7:49,4/19/2009 14:52,pagel,df1,0.234,0.162,30.6,0
5/21/2007 3:15,5/21/2007 4:58,pagel,df1,0.198,0.342,29.8,0
10/12/2009 14:23,10/12/2009 21:18,pagel,df1,0.18,0.072,29.6,0
10/18/2007 16:13,10/18/2007 17:50,pagel,df1,0.29,0.43,29.33,0
6/6/2009 15:38,6/7/2009 3:18,pagel,df1,0.684,0.162,29.3,0
5/24/2007 18:55,5/24/2007 19:55,pagel,df1,0.117,0.216,29.2,0
5/27/2009 4:35,5/28/2009 9:10,pagel,df1,1.083,0.456,29,0
10/16/2006 21:26,10/17/2006 11:01,pagel,df1,0.396,0.09,28.8,0
5/26/2007 15:45,5/26/2007 18:59,pagel,df1,0.424,0.378,28.4,0
7/12/2008 2:37,7/12/2008 4:13,pagel,df1,0.43,0.72,28.1,0
5/26/2009 2:50,5/26/2009 8:30,pagel,df1,0.261,0.144,28.1,0
10/18/2007 0:09,10/18/2007 9:16,pagel,df1,0.914,0.64,27.1,0
10/11/2006 7:15,10/11/2006 15:21,pagel,df1,0.225,0.09,27,0
10/10/2006 21:39,10/11/2006 3:20,pagel,df1,0.288,0.108,26.67,0
6/2/2007 13:49,6/2/2007 14:19,pagel,df1,0.192,0.384,26.2,0
7/16/2008 14:37,7/16/2008 17:07,pagel,df1,0.27,0.18,25,0
6/29/2009 14:42,6/29/2009 16:18,pagel,df1,0.265,0.458,24.2,0
8/2/2006 3:23,8/2/2006 6:15,pagel,df1,1.019,2.002,23.8,0
8/24/2007 13:42,8/24/2007 15:25,pagel,df1,0.144,0.144,23.7,0
10/5/2009 23:47,10/6/2009 15:46,pagel,df1,1.08,0.342,23.7,0.005555556
7/30/2006 7:36,7/30/2006 10:45,pagel,df1,0.794,1.318,23.3,0
7/26/2006 1:00,7/26/2006 4:06,pagel,df1,0.423,0.216,23.2,0
6/8/2008 7:57,6/8/2008 12:59,pagel,df1,1.04,0.54,22.8,0.023023554
7/24/2006 17:00,7/24/2006 22:01,pagel,df1,0.496,0.524,22.7,0
10/4/2006 3:22,10/4/2006 4:58,pagel,df1,0.53,0.82,22.7,0
7/10/2009 23:09,7/10/2009 23:28,pagel,df1,0.447,0.9,22.7,0
7/20/2006 3:17,7/20/2006 5:04,pagel,df1,0.83,1.244,22.2,0
8/22/2007 2:13,8/22/2007 5:17,pagel,df1,0.171,0.126,22.1,0
6/7/2008 20:05,6/8/2008 0:22,pagel,df1,0.24,0.16,21.8,0
8/29/2007 5:30,8/29/2007 6:31,pagel,df1,0.108,0.144,21.79,0
8/28/2007 19:34,8/29/2007 0:00,pagel,df1,0.299,0.346,21.3,0
8/14/2006 1:21,8/14/2006 4:51,pagel,df1,0.135,0.126,21.2,0
8/20/2007 14:24,8/20/2007 14:31,pagel,df1,0.407,0.82,21.2,0
8/19/2006 9:23,8/19/2006 9:53,pagel,df1,0.108,0.216,20.2,0
10/3/2006 21:04,10/4/2006 0:12,pagel,df1,1.28,1.4,19.9,0
7/9/2007 3:35,7/9/2007 6:10,pagel,df1,0.802,0.846,19.9,0
8/9/2009 1:32,8/9/2009 3:01,pagel,df1,0.231,0.372,19.8,0
7/12/2007 16:02,7/12/2007 17:23,pagel,df1,0.22,0.404,19.7,0
8/24/2006 19:42,8/25/2006 1:56,pagel,df1,0.189,0.072,19.5,0
9/17/2006 18:24,9/17/2006 22:02,pagel,df1,0.66,0.56,19.4,0
11/13/2008 14:52,11/14/2008 0:02,pagel,df1,0.324,0.126,19.3,0
9/23/2006 13:59,9/23/2006 19:13,pagel,df1,0.252,0.162,19.2,0
7/18/2009 21:09,7/18/2009 21:42,pagel,df1,0.108,0.198,18.9,0
9/28/2009 11:19,9/28/2009 15:17,pagel,df1,0.424,0.488,18.9,0
8/21/2009 5:48,8/21/2009 7:26,pagel,df1,0.117,0.198,18.6,0
9/27/2006 2:41,9/27/2006 4:02,pagel,df1,0.153,0.198,18.5,0
9/27/2006 7:18,9/27/2006 8:18,pagel,df1,0.189,0.216,18.5,0
10/2/2009 5:16,10/2/2009 10:07,pagel,df1,0.684,0.288,18.4,0
9/8/2006 17:01,9/8/2006 19:05,pagel,df1,0.251,0.466,18.3,0
9/8/2006 22:12,9/9/2006 1:02,pagel,df1,0.162,0.162,18.2,0
7/5/2007 15:25,7/5/2007 16:17,pagel,df1,0.839,1.206,18.1,0
5/30/2008 3:12,5/30/2008 3:29,pagel,df1,0.1,0.2,18.1,0
7/22/2009 1:43,7/22/2009 4:26,pagel,df1,0.135,0.144,18.1,0
9/12/2006 10:00,9/12/2006 14:57,pagel,df1,0.252,0.162,18,0
6/5/2008 6:08,6/5/2008 8:25,pagel,df1,0.68,0.66,17.9,0
8/1/2008 16:17,8/1/2008 16:38,pagel,df1,0.22,0.44,17.9,0
8/4/2008 4:36,8/4/2008 5:34,pagel,df1,0.12,0.14,17.9,0
9/28/2009 3:35,9/28/2009 5:34,pagel,df1,0.27,0.324,17.9,0
9/11/2006 14:42,9/12/2006 7:46,pagel,df1,0.522,0.162,17.8,0
8/6/2008 14:21,8/6/2008 15:48,pagel,df1,0.69,1.18,17.8,0
8/25/2009 13:20,8/25/2009 19:11,pagel,df1,0.099,0.072,17.6,0
7/4/2007 17:43,7/4/2007 18:33,pagel,df1,0.175,0.332,17.5,0
7/18/2007 15:50,7/18/2007 16:26,pagel,df1,0.201,0.384,17.3,0
8/19/2009 22:27,8/20/2009 0:43,pagel,df1,0.108,0.144,17.3,0
8/20/2009 8:15,8/20/2009 11:46,pagel,df1,0.288,0.198,17.3,0
8/29/2009 1:55,8/29/2009 3:00,pagel,df1,0.126,0.234,17.3,0
8/29/2009 13:33,8/29/2009 21:16,pagel,df1,0.396,0.36,17.3,0
8/28/2009 21:24,8/28/2009 23:53,pagel,df1,0.099,0.072,17.2,0
10/16/2007 1:20,10/16/2007 10:51,pagel,df1,1.278,0.432,16.9,0
10/15/2008 5:38,10/15/2008 11:38,pagel,df1,0.108,0.036,16.9,0
8/3/2009 3:18,8/3/2009 6:24,pagel,df1,0.258,0.264,16.9,0
8/8/2009 2:25,8/8/2009 8:59,pagel,df1,0.899,0.79,16.9,0
10/2/2007 21:05,10/2/2007 23:40,pagel,df1,0.207,0.18,16.8,0
7/30/2009 14:07,7/30/2009 15:35,pagel,df1,0.162,0.198,16.6,0
9/26/2009 4:58,9/26/2009 13:22,pagel,df1,0.486,0.306,16.5,0
9/13/2008 8:27,9/13/2008 16:35,pagel,df1,0.261,0.18,16.4,0
9/7/2007 5:00,9/7/2007 11:00,pagel,df1,0.71,0.468,16.3,0
9/6/2007 17:22,9/6/2007 18:08,pagel,df1,0.154,0.254,16.2,0
10/1/2007 8:31,10/1/2007 11:59,pagel,df1,0.108,0.072,16.1,0
10/14/2007 21:17,10/15/2007 3:30,pagel,df1,0.153,0.072,16.1,0
9/25/2009 21:27,9/25/2009 22:27,pagel,df1,0.198,0.288,16,0
11/6/2008 13:06,11/6/2008 20:24,pagel,df1,0.641,0.454,15.9,0
10/10/2007 20:52,10/11/2007 7:39,pagel,df1,0.189,0.036,15.8,0
6/20/2007 21:58,6/20/2007 23:17,pagel,df1,0.099,0.18,15.78,0
9/4/2008 14:20,9/4/2008 22:08,pagel,df1,0.459,0.126,15.7,0
9/11/2008 17:07,9/11/2008 18:40,pagel,df1,0.234,0.27,15.7,0
10/24/2008 9:24,10/24/2008 14:33,pagel,df1,0.234,0.18,15.7,0
7/3/2007 17:27,7/3/2007 22:20,pagel,df1,0.572,0.352,15.5,0
10/10/2007 6:39,10/10/2007 16:55,pagel,df1,0.252,0.072,15.4,0
9/21/2007 19:36,9/21/2007 22:44,pagel,df1,0.234,0.234,15.3,0
9/25/2007 1:42,9/25/2007 5:54,pagel,df1,0.463,0.582,15.2,0
7/3/2007 6:54,7/3/2007 9:57,pagel,df1,0.306,0.234,15.1,0
10/1/2007 1:10,10/1/2007 5:39,pagel,df1,0.459,0.18,15.1,0
10/7/2008 14:47,10/8/2008 3:31,pagel,df1,0.756,0.234,15.1,0
10/5/2008 20:58,10/6/2008 1:55,pagel,df1,0.117,0.054,14.8,0
9/22/2009 13:42,9/23/2009 1:03,pagel,df1,0.441,0.126,14.8,0
9/21/2009 3:17,9/21/2009 7:10,pagel,df1,0.198,0.234,14.5,0
8/12/2007 2:01,8/12/2007 2:59,pagel,df1,0.319,0.584,14.1,0
6/18/2007 18:08,6/19/2007 0:34,pagel,df1,0.985,0.81,13.44,0
4/11/2008 20:55,4/12/2008 3:41,pagel,df3,0.11,0.39,44.17,0.65077522
4/11/2008 5:49,4/11/2008 7:59,pagel,df3,0.11,0.18,41.8,0
4/11/2008 10:34,4/11/2008 15:26,pagel,df3,0.31,0.32,41.8,0.587096774
4/11/2008 20:54,4/12/2008 3:41,pagel,df3,0.12,0.06,41.8,0
4/12/2008 9:42,4/12/2008 15:16,pagel,df3,0.16,0.08,41.3,0
3/31/2007 19:24,4/1/2007 1:23,pagel,df3,0.607,0.314,40.6,0.018462293
6/12/2008 17:18,6/13/2008 3:25,pagel,df3,2.18,1.94,39.6,0.297603375
6/12/2008 12:14,6/12/2008 13:53,pagel,df3,0.12,0.2,39.2,0
3/30/2007 21:15,3/31/2007 4:27,pagel,df3,0.117,0.072,38.7,0.023733842
6/20/2008 15:46,6/20/2008 16:54,pagel,df3,0.13,0.14,38.5,0
6/8/2009 13:25,6/8/2009 15:56,pagel,df3,0.355,0.458,38.5,0.050704225
5/1/2007 17:52,5/1/2007 19:09,pagel,df3,0.265,0.422,38.4,0
4/10/2008 15:27,4/11/2008 3:38,pagel,df3,1.13,0.28,38.4,0.323929709
4/26/2009 2:20,4/26/2009 12:00,pagel,df3,0.297,0.09,38.2,0
4/18/2007 6:25,4/18/2007 13:12,pagel,df3,0.117,0.054,37.8,0
4/25/2008 18:02,4/25/2008 21:47,pagel,df3,0.49,0.54,37.5,0
4/25/2009 17:57,4/25/2009 21:50,pagel,df3,0.261,0.162,37.3,0
4/18/2008 4:48,4/18/2008 5:50,pagel,df3,0.13,0.2,37.1,0
3/25/2007 3:33,3/25/2007 6:37,pagel,df3,0.135,0.126,36.6,0
4/25/2008 10:58,4/25/2008 12:36,pagel,df3,0.17,0.26,36.6,0
5/2/2008 13:36,5/2/2008 18:12,pagel,df3,0.2,0.18,36.5,0
4/26/2007 11:25,4/26/2007 18:04,pagel,df3,0.288,0.126,36.2,0
4/8/2008 16:29,4/9/2008 6:22,pagel,df3,1.13,0.26,36.2,0.091753489
4/22/2008 12:13,4/22/2008 14:59,pagel,df3,0.16,0.16,36.2,0
4/21/2009 4:22,4/21/2009 16:09,pagel,df3,0.432,0.072,36,0
6/18/2006 9:21,6/18/2006 10:51,pagel,df3,0.108,0.108,35.8,0
6/8/2008 18:19,6/9/2008 3:26,pagel,df3,1.1,0.94,35.7,0.343091319
4/25/2008 4:16,4/25/2008 5:32,pagel,df3,0.16,0.18,35.6,0
4/20/2009 13:33,4/20/2009 20:32,pagel,df3,0.126,0.054,35.6,0
5/1/2007 0:17,5/1/2007 5:32,pagel,df3,0.558,0.27,35.5,0
6/8/2009 2:00,6/8/2009 7:17,pagel,df3,0.675,0.378,35.5,0.004444444
4/24/2008 20:03,4/25/2008 0:02,pagel,df3,0.11,0.08,35.4,0
4/25/2009 5:31,4/25/2009 10:56,pagel,df3,0.405,0.378,35.3,0
6/25/2006 3:29,6/25/2006 7:20,pagel,df3,0.117,0.108,35.2,0
6/28/2008 1:23,6/28/2008 3:37,pagel,df3,0.17,0.26,35.2,0
10/18/2006 16:10,10/18/2006 18:35,pagel,df3,0.108,0.09,35.1,0
5/1/2008 21:08,5/2/2008 3:10,pagel,df3,0.38,0.22,35,0
10/21/2006 19:19,10/22/2006 5:55,pagel,df3,0.324,0.072,34.8,0
3/24/2009 8:25,3/24/2009 9:29,pagel,df3,0.099,0.126,34.3,0
5/9/2009 2:24,5/9/2009 8:14,pagel,df3,0.18,0.108,33.3,0
7/2/2008 7:52,7/2/2008 11:07,pagel,df3,0.79,0.56,33.2,0
6/7/2009 13:14,6/7/2009 15:08,pagel,df3,0.297,0.378,33.2,0
3/31/2009 14:27,3/31/2009 21:37,pagel,df3,0.315,0.126,33.1,0
7/6/2008 22:41,7/7/2008 0:29,pagel,df3,0.18,0.2,32.9,0
7/7/2008 20:05,7/7/2008 22:06,pagel,df3,0.14,0.24,32.6,0
5/14/2008 2:37,5/14/2008 7:58,pagel,df3,0.21,0.2,32.5,0
11/27/2006 22:33,11/28/2006 9:47,pagel,df3,0.558,0.144,32.1,0
5/13/2009 19:44,5/14/2009 1:34,pagel,df3,0.459,0.306,32.1,0
4/19/2009 17:45,4/20/2009 9:15,pagel,df3,0.639,0.144,31.1,0
4/19/2009 7:49,4/19/2009 14:52,pagel,df3,0.234,0.162,30.6,0
5/21/2007 3:15,5/21/2007 4:58,pagel,df3,0.198,0.342,29.8,0
10/12/2009 14:23,10/12/2009 21:18,pagel,df3,0.18,0.072,29.6,0
10/18/2007 16:13,10/18/2007 17:50,pagel,df3,0.29,0.43,29.33,0
6/6/2009 15:38,6/7/2009 3:18,pagel,df3,0.684,0.162,29.3,0
5/24/2007 18:55,5/24/2007 19:55,pagel,df3,0.117,0.216,29.2,0
5/27/2009 4:35,5/28/2009 9:10,pagel,df3,1.083,0.456,29,0
10/16/2006 21:26,10/17/2006 11:01,pagel,df3,0.396,0.09,28.8,0
5/26/2007 15:45,5/26/2007 18:59,pagel,df3,0.424,0.378,28.4,0
7/12/2008 2:37,7/12/2008 4:13,pagel,df3,0.43,0.72,28.1,0
5/26/2009 2:50,5/26/2009 8:30,pagel,df3,0.261,0.144,28.1,0
10/18/2007 0:09,10/18/2007 9:16,pagel,df3,0.914,0.64,27.1,0
10/11/2006 7:15,10/11/2006 15:21,pagel,df3,0.225,0.09,27,0
10/10/2006 21:39,10/11/2006 3:20,pagel,df3,0.288,0.108,26.67,0
6/2/2007 13:49,6/2/2007 14:19,pagel,df3,0.192,0.384,26.2,0
7/16/2008 14:37,7/16/2008 17:07,pagel,df3,0.27,0.18,25,0
6/29/2009 14:42,6/29/2009 16:18,pagel,df3,0.265,0.458,24.2,0
8/2/2006 3:23,8/2/2006 6:15,pagel,df3,1.019,2.002,23.8,0.000617567
8/24/2007 13:42,8/24/2007 15:25,pagel,df3,0.144,0.144,23.7,0
10/5/2009 23:47,10/6/2009 15:46,pagel,df3,1.08,0.342,23.7,0
7/30/2006 7:36,7/30/2006 10:45,pagel,df3,0.794,1.318,23.3,0
7/26/2006 1:00,7/26/2006 4:06,pagel,df3,0.423,0.216,23.2,0
6/8/2008 7:57,6/8/2008 12:59,pagel,df3,1.04,0.54,22.8,0
7/24/2006 17:00,7/24/2006 22:01,pagel,df3,0.496,0.524,22.7,0
10/4/2006 3:22,10/4/2006 4:58,pagel,df3,0.53,0.82,22.7,0
7/10/2009 23:09,7/10/2009 23:28,pagel,df3,0.447,0.9,22.7,0
7/20/2006 3:17,7/20/2006 5:04,pagel,df3,0.83,1.244,22.2,0
8/22/2007 2:13,8/22/2007 5:17,pagel,df3,0.171,0.126,22.1,0
6/7/2008 20:05,6/8/2008 0:22,pagel,df3,0.24,0.16,21.8,0
8/29/2007 5:30,8/29/2007 6:31,pagel,df3,0.108,0.144,21.79,0
8/28/2007 19:34,8/29/2007 0:00,pagel,df3,0.299,0.346,21.3,0
8/14/2006 1:21,8/14/2006 4:51,pagel,df3,0.135,0.126,21.2,0
8/20/2007 14:24,8/20/2007 14:31,pagel,df3,0.407,0.82,21.2,0
8/19/2006 9:23,8/19/2006 9:53,pagel,df3,0.108,0.216,20.2,0
10/3/2006 21:04,10/4/2006 0:12,pagel,df3,1.28,1.4,19.9,0
7/9/2007 3:35,7/9/2007 6:10,pagel,df3,0.802,0.846,19.9,0
8/9/2009 1:32,8/9/2009 3:01,pagel,df3,0.231,0.372,19.8,0
7/12/2007 16:02,7/12/2007 17:23,pagel,df3,0.22,0.404,19.7,0
8/24/2006 19:42,8/25/2006 1:56,pagel,df3,0.189,0.072,19.5,0
9/17/2006 18:24,9/17/2006 22:02,pagel,df3,0.66,0.56,19.4,0
11/13/2008 14:52,11/14/2008 0:02,pagel,df3,0.324,0.126,19.3,0
9/23/2006 13:59,9/23/2006 19:13,pagel,df3,0.252,0.162,19.2,0
7/18/2009 21:09,7/18/2009 21:42,pagel,df3,0.108,0.198,18.9,0
9/28/2009 11:19,9/28/2009 15:17,pagel,df3,0.424,0.488,18.9,0
8/21/2009 5:48,8/21/2009 7:26,pagel,df3,0.117,0.198,18.6,0
9/27/2006 2:41,9/27/2006 4:02,pagel,df3,0.153,0.198,18.5,0
9/27/2006 7:18,9/27/2006 8:18,pagel,df3,0.189,0.216,18.5,0
10/2/2009 5:16,10/2/2009 10:07,pagel,df3,0.684,0.288,18.4,0
9/8/2006 17:01,9/8/2006 19:05,pagel,df3,0.251,0.466,18.3,0
9/8/2006 22:12,9/9/2006 1:02,pagel,df3,0.162,0.162,18.2,0
7/5/2007 15:25,7/5/2007 16:17,pagel,df3,0.839,1.206,18.1,0
5/30/2008 3:12,5/30/2008 3:29,pagel,df3,0.1,0.2,18.1,0
7/22/2009 1:43,7/22/2009 4:26,pagel,df3,0.135,0.144,18.1,0
9/12/2006 10:00,9/12/2006 14:57,pagel,df3,0.252,0.162,18,0
6/5/2008 6:08,6/5/2008 8:25,pagel,df3,0.68,0.66,17.9,0
8/1/2008 16:17,8/1/2008 16:38,pagel,df3,0.22,0.44,17.9,0
8/4/2008 4:36,8/4/2008 5:34,pagel,df3,0.12,0.14,17.9,0
9/28/2009 3:35,9/28/2009 5:34,pagel,df3,0.27,0.324,17.9,0
9/11/2006 14:42,9/12/2006 7:46,pagel,df3,0.522,0.162,17.8,0
8/6/2008 14:21,8/6/2008 15:48,pagel,df3,0.69,1.18,17.8,0
8/25/2009 13:20,8/25/2009 19:11,pagel,df3,0.099,0.072,17.6,0
7/4/2007 17:43,7/4/2007 18:33,pagel,df3,0.175,0.332,17.5,0
7/18/2007 15:50,7/18/2007 16:26,pagel,df3,0.201,0.384,17.3,0
8/19/2009 22:27,8/20/2009 0:43,pagel,df3,0.108,0.144,17.3,0
8/20/2009 8:15,8/20/2009 11:46,pagel,df3,0.288,0.198,17.3,0
8/29/2009 1:55,8/29/2009 3:00,pagel,df3,0.126,0.234,17.3,0
8/29/2009 13:33,8/29/2009 21:16,pagel,df3,0.396,0.36,17.3,0
8/28/2009 21:24,8/28/2009 23:53,pagel,df3,0.099,0.072,17.2,0
10/16/2007 1:20,10/16/2007 10:51,pagel,df3,1.278,0.432,16.9,0
10/15/2008 5:38,10/15/2008 11:38,pagel,df3,0.108,0.036,16.9,0
8/3/2009 3:18,8/3/2009 6:24,pagel,df3,0.258,0.264,16.9,0
8/8/2009 2:25,8/8/2009 8:59,pagel,df3,0.899,0.79,16.9,0
10/2/2007 21:05,10/2/2007 23:40,pagel,df3,0.207,0.18,16.8,0
7/30/2009 14:07,7/30/2009 15:35,pagel,df3,0.162,0.198,16.6,0
9/26/2009 4:58,9/26/2009 13:22,pagel,df3,0.486,0.306,16.5,0
9/13/2008 8:27,9/13/2008 16:35,pagel,df3,0.261,0.18,16.4,0
9/7/2007 5:00,9/7/2007 11:00,pagel,df3,0.71,0.468,16.3,0
9/6/2007 17:22,9/6/2007 18:08,pagel,df3,0.154,0.254,16.2,0
10/1/2007 8:31,10/1/2007 11:59,pagel,df3,0.108,0.072,16.1,0
10/14/2007 21:17,10/15/2007 3:30,pagel,df3,0.153,0.072,16.1,0
9/25/2009 21:27,9/25/2009 22:27,pagel,df3,0.198,0.288,16,0
11/6/2008 13:06,11/6/2008 20:24,pagel,df3,0.641,0.454,15.9,0
10/10/2007 20:52,10/11/2007 7:39,pagel,df3,0.189,0.036,15.8,0
6/20/2007 21:58,6/20/2007 23:17,pagel,df3,0.099,0.18,15.78,0
9/4/2008 14:20,9/4/2008 22:08,pagel,df3,0.459,0.126,15.7,0
9/11/2008 17:07,9/11/2008 18:40,pagel,df3,0.234,0.27,15.7,0
10/24/2008 9:24,10/24/2008 14:33,pagel,df3,0.234,0.18,15.7,0
7/3/2007 17:27,7/3/2007 22:20,pagel,df3,0.572,0.352,15.5,0
10/10/2007 6:39,10/10/2007 16:55,pagel,df3,0.252,0.072,15.4,0
9/21/2007 19:36,9/21/2007 22:44,pagel,df3,0.234,0.234,15.3,0
9/25/2007 1:42,9/25/2007 5:54,pagel,df3,0.463,0.582,15.2,0
7/3/2007 6:54,7/3/2007 9:57,pagel,df3,0.306,0.234,15.1,0
10/1/2007 1:10,10/1/2007 5:39,pagel,df3,0.459,0.18,15.1,0
10/7/2008 14:47,10/8/2008 3:31,pagel,df3,0.756,0.234,15.1,0
10/5/2008 20:58,10/6/2008 1:55,pagel,df3,0.117,0.054,14.8,0
9/22/2009 13:42,9/23/2009 1:03,pagel,df3,0.441,0.126,14.8,0
9/21/2009 3:17,9/21/2009 7:10,pagel,df3,0.198,0.234,14.5,0
8/12/2007 2:01,8/12/2007 2:59,pagel,df3,0.319,0.584,14.1,0
6/18/2007 18:08,6/19/2007 0:34,pagel,df3,0.985,0.81,13.44,0
4/11/2008 20:55,4/12/2008 3:41,pagel,pagel,0.11,0.39,44.17,0.32538761
4/11/2008 5:49,4/11/2008 7:59,pagel,pagel,0.11,0.18,41.8,0
4/11/2008 10:34,4/11/2008 15:26,pagel,pagel,0.31,0.32,41.8,0.305040028
4/11/2008 20:54,4/12/2008 3:41,pagel,pagel,0.12,0.06,41.8,0
4/12/2008 9:42,4/12/2008 15:16,pagel,pagel,0.16,0.08,41.3,0
3/31/2007 19:24,4/1/2007 1:23,pagel,pagel,0.607,0.314,40.6,0.009966789
6/12/2008 17:18,6/13/2008 3:25,pagel,pagel,2.18,1.94,39.6,0.304142823
6/12/2008 12:14,6/12/2008 13:53,pagel,pagel,0.12,0.2,39.2,0
3/30/2007 21:15,3/31/2007 4:27,pagel,pagel,0.117,0.072,38.7,0.013638708
6/20/2008 15:46,6/20/2008 16:54,pagel,pagel,0.13,0.14,38.5,0
6/8/2009 13:25,6/8/2009 15:56,pagel,pagel,0.355,0.458,38.5,0.038028169
5/1/2007 17:52,5/1/2007 19:09,pagel,pagel,0.265,0.422,38.4,0
4/10/2008 15:27,4/11/2008 3:38,pagel,pagel,1.13,0.28,38.4,0.213828938
4/26/2009 2:20,4/26/2009 12:00,pagel,pagel,0.297,0.09,38.2,0
4/18/2007 6:25,4/18/2007 13:12,pagel,pagel,0.117,0.054,37.8,0
4/25/2008 18:02,4/25/2008 21:47,pagel,pagel,0.49,0.54,37.5,0
4/25/2009 17:57,4/25/2009 21:50,pagel,pagel,0.261,0.162,37.3,0
4/18/2008 4:48,4/18/2008 5:50,pagel,pagel,0.13,0.2,37.1,0
3/25/2007 3:33,3/25/2007 6:37,pagel,pagel,0.135,0.126,36.6,0
4/25/2008 10:58,4/25/2008 12:36,pagel,pagel,0.17,0.26,36.6,0
5/2/2008 13:36,5/2/2008 18:12,pagel,pagel,0.2,0.18,36.5,0
4/26/2007 11:25,4/26/2007 18:04,pagel,pagel,0.288,0.126,36.2,0
4/8/2008 16:29,4/9/2008 6:22,pagel,pagel,1.13,0.26,36.2,0.046936338
4/22/2008 12:13,4/22/2008 14:59,pagel,pagel,0.16,0.16,36.2,0
4/21/2009 4:22,4/21/2009 16:09,pagel,pagel,0.432,0.072,36,0
6/18/2006 9:21,6/18/2006 10:51,pagel,pagel,0.108,0.108,35.8,0
6/8/2008 18:19,6/9/2008 3:26,pagel,pagel,1.1,0.94,35.7,0.368106054
4/25/2008 4:16,4/25/2008 5:32,pagel,pagel,0.16,0.18,35.6,0
4/20/2009 13:33,4/20/2009 20:32,pagel,pagel,0.126,0.054,35.6,0
5/1/2007 0:17,5/1/2007 5:32,pagel,pagel,0.558,0.27,35.5,0
6/8/2009 2:00,6/8/2009 7:17,pagel,pagel,0.675,0.378,35.5,0.005185185
4/24/2008 20:03,4/25/2008 0:02,pagel,pagel,0.11,0.08,35.4,0
4/25/2009 5:31,4/25/2009 10:56,pagel,pagel,0.405,0.378,35.3,0
6/25/2006 3:29,6/25/2006 7:20,pagel,pagel,0.117,0.108,35.2,0
6/28/2008 1:23,6/28/2008 3:37,pagel,pagel,0.17,0.26,35.2,0
10/18/2006 16:10,10/18/2006 18:35,pagel,pagel,0.108,0.09,35.1,0
5/1/2008 21:08,5/2/2008 3:10,pagel,pagel,0.38,0.22,35,0
10/21/2006 19:19,10/22/2006 5:55,pagel,pagel,0.324,0.072,34.8,0
3/24/2009 8:25,3/24/2009 9:29,pagel,pagel,0.099,0.126,34.3,0
5/9/2009 2:24,5/9/2009 8:14,pagel,pagel,0.18,0.108,33.3,0
7/2/2008 7:52,7/2/2008 11:07,pagel,pagel,0.79,0.56,33.2,0
6/7/2009 13:14,6/7/2009 15:08,pagel,pagel,0.297,0.378,33.2,0
3/31/2009 14:27,3/31/2009 21:37,pagel,pagel,0.315,0.126,33.1,0
7/6/2008 22:41,7/7/2008 0:29,pagel,pagel,0.18,0.2,32.9,0
7/7/2008 20:05,7/7/2008 22:06,pagel,pagel,0.14,0.24,32.6,0
5/14/2008 2:37,5/14/2008 7:58,pagel,pagel,0.21,0.2,32.5,0
11/27/2006 22:33,11/28/2006 9:47,pagel,pagel,0.558,0.144,32.1,0
5/13/2009 19:44,5/14/2009 1:34,pagel,pagel,0.459,0.306,32.1,0
4/19/2009 17:45,4/20/2009 9:15,pagel,pagel,0.639,0.144,31.1,0
4/19/2009 7:49,4/19/2009 14:52,pagel,pagel,0.234,0.162,30.6,0
5/21/2007 3:15,5/21/2007 4:58,pagel,pagel,0.198,0.342,29.8,0
10/12/2009 14:23,10/12/2009 21:18,pagel,pagel,0.18,0.072,29.6,0
10/18/2007 16:13,10/18/2007 17:50,pagel,pagel,0.29,0.43,29.33,0
6/6/2009 15:38,6/7/2009 3:18,pagel,pagel,0.684,0.162,29.3,0
5/24/2007 18:55,5/24/2007 19:55,pagel,pagel,0.117,0.216,29.2,0
5/27/2009 4:35,5/28/2009 9:10,pagel,pagel,1.083,0.456,29,0
10/16/2006 21:26,10/17/2006 11:01,pagel,pagel,0.396,0.09,28.8,0
5/26/2007 15:45,5/26/2007 18:59,pagel,pagel,0.424,0.378,28.4,0
7/12/2008 2:37,7/12/2008 4:13,pagel,pagel,0.43,0.72,28.1,0
5/26/2009 2:50,5/26/2009 8:30,pagel,pagel,0.261,0.144,28.1,0
10/18/2007 0:09,10/18/2007 9:16,pagel,pagel,0.914,0.64,27.1,0
10/11/2006 7:15,10/11/2006 15:21,pagel,pagel,0.225,0.09,27,0
10/10/2006 21:39,10/11/2006 3:20,pagel,pagel,0.288,0.108,26.67,0
6/2/2007 13:49,6/2/2007 14:19,pagel,pagel,0.192,0.384,26.2,0
7/16/2008 14:37,7/16/2008 17:07,pagel,pagel,0.27,0.18,25,0
6/29/2009 14:42,6/29/2009 16:18,pagel,pagel,0.265,0.458,24.2,0
8/2/2006 3:23,8/2/2006 6:15,pagel,pagel,1.019,2.002,23.8,0.000308784
8/24/2007 13:42,8/24/2007 15:25,pagel,pagel,0.144,0.144,23.7,0
10/5/2009 23:47,10/6/2009 15:46,pagel,pagel,1.08,0.342,23.7,0.002777778
7/30/2006 7:36,7/30/2006 10:45,pagel,pagel,0.794,1.318,23.3,0
7/26/2006 1:00,7/26/2006 4:06,pagel,pagel,0.423,0.216,23.2,0
6/8/2008 7:57,6/8/2008 12:59,pagel,pagel,1.04,0.54,22.8,0.011511777
7/24/2006 17:00,7/24/2006 22:01,pagel,pagel,0.496,0.524,22.7,0
10/4/2006 3:22,10/4/2006 4:58,pagel,pagel,0.53,0.82,22.7,0
7/10/2009 23:09,7/10/2009 23:28,pagel,pagel,0.447,0.9,22.7,0
7/20/2006 3:17,7/20/2006 5:04,pagel,pagel,0.83,1.244,22.2,0
8/22/2007 2:13,8/22/2007 5:17,pagel,pagel,0.171,0.126,22.1,0
6/7/2008 20:05,6/8/2008 0:22,pagel,pagel,0.24,0.16,21.8,0
8/29/2007 5:30,8/29/2007 6:31,pagel,pagel,0.108,0.144,21.79,0
8/28/2007 19:34,8/29/2007 0:00,pagel,pagel,0.299,0.346,21.3,0
8/14/2006 1:21,8/14/2006 4:51,pagel,pagel,0.135,0.126,21.2,0
8/20/2007 14:24,8/20/2007 14:31,pagel,pagel,0.407,0.82,21.2,0
8/19/2006 9:23,8/19/2006 9:53,pagel,pagel,0.108,0.216,20.2,0
10/3/2006 21:04,10/4/2006 0:12,pagel,pagel,1.28,1.4,19.9,0
7/9/2007 3:35,7/9/2007 6:10,pagel,pagel,0.802,0.846,19.9,0
8/9/2009 1:32,8/9/2009 3:01,pagel,pagel,0.231,0.372,19.8,0
7/12/2007 16:02,7/12/2007 17:23,pagel,pagel,0.22,0.404,19.7,0
8/24/2006 19:42,8/25/2006 1:56,pagel,pagel,0.189,0.072,19.5,0
9/17/2006 18:24,9/17/2006 22:02,pagel,pagel,0.66,0.56,19.4,0
11/13/2008 14:52,11/14/2008 0:02,pagel,pagel,0.324,0.126,19.3,0
9/23/2006 13:59,9/23/2006 19:13,pagel,pagel,0.252,0.162,19.2,0
7/18/2009 21:09,7/18/2009 21:42,pagel,pagel,0.108,0.198,18.9,0
9/28/2009 11:19,9/28/2009 15:17,pagel,pagel,0.424,0.488,18.9,0
8/21/2009 5:48,8/21/2009 7:26,pagel,pagel,0.117,0.198,18.6,0
9/27/2006 2:41,9/27/2006 4:02,pagel,pagel,0.153,0.198,18.5,0
9/27/2006 7:18,9/27/2006 8:18,pagel,pagel,0.189,0.216,18.5,0
10/2/2009 5:16,10/2/2009 10:07,pagel,pagel,0.684,0.288,18.4,0
9/8/2006 17:01,9/8/2006 19:05,pagel,pagel,0.251,0.466,18.3,0
9/8/2006 22:12,9/9/2006 1:02,pagel,pagel,0.162,0.162,18.2,0
7/5/2007 15:25,7/5/2007 16:17,pagel,pagel,0.839,1.206,18.1,0
5/30/2008 3:12,5/30/2008 3:29,pagel,pagel,0.1,0.2,18.1,0
7/22/2009 1:43,7/22/2009 4:26,pagel,pagel,0.135,0.144,18.1,0
9/12/2006 10:00,9/12/2006 14:57,pagel,pagel,0.252,0.162,18,0
6/5/2008 6:08,6/5/2008 8:25,pagel,pagel,0.68,0.66,17.9,0
8/1/2008 16:17,8/1/2008 16:38,pagel,pagel,0.22,0.44,17.9,0
8/4/2008 4:36,8/4/2008 5:34,pagel,pagel,0.12,0.14,17.9,0
9/28/2009 3:35,9/28/2009 5:34,pagel,pagel,0.27,0.324,17.9,0
9/11/2006 14:42,9/12/2006 7:46,pagel,pagel,0.522,0.162,17.8,0
8/6/2008 14:21,8/6/2008 15:48,pagel,pagel,0.69,1.18,17.8,0
8/25/2009 13:20,8/25/2009 19:11,pagel,pagel,0.099,0.072,17.6,0
7/4/2007 17:43,7/4/2007 18:33,pagel,pagel,0.175,0.332,17.5,0
7/18/2007 15:50,7/18/2007 16:26,pagel,pagel,0.201,0.384,17.3,0
8/19/2009 22:27,8/20/2009 0:43,pagel,pagel,0.108,0.144,17.3,0
8/20/2009 8:15,8/20/2009 11:46,pagel,pagel,0.288,0.198,17.3,0
8/29/2009 1:55,8/29/2009 3:00,pagel,pagel,0.126,0.234,17.3,0
8/29/2009 13:33,8/29/2009 21:16,pagel,pagel,0.396,0.36,17.3,0
8/28/2009 21:24,8/28/2009 23:53,pagel,pagel,0.099,0.072,17.2,0
10/16/2007 1:20,10/16/2007 10:51,pagel,pagel,1.278,0.432,16.9,0
10/15/2008 5:38,10/15/2008 11:38,pagel,pagel,0.108,0.036,16.9,0
8/3/2009 3:18,8/3/2009 6:24,pagel,pagel,0.258,0.264,16.9,0
8/8/2009 2:25,8/8/2009 8:59,pagel,pagel,0.899,0.79,16.9,0
10/2/2007 21:05,10/2/2007 23:40,pagel,pagel,0.207,0.18,16.8,0
7/30/2009 14:07,7/30/2009 15:35,pagel,pagel,0.162,0.198,16.6,0
9/26/2009 4:58,9/26/2009 13:22,pagel,pagel,0.486,0.306,16.5,0
9/13/2008 8:27,9/13/2008 16:35,pagel,pagel,0.261,0.18,16.4,0
9/7/2007 5:00,9/7/2007 11:00,pagel,pagel,0.71,0.468,16.3,0
9/6/2007 17:22,9/6/2007 18:08,pagel,pagel,0.154,0.254,16.2,0
10/1/2007 8:31,10/1/2007 11:59,pagel,pagel,0.108,0.072,16.1,0
10/14/2007 21:17,10/15/2007 3:30,pagel,pagel,0.153,0.072,16.1,0
9/25/2009 21:27,9/25/2009 22:27,pagel,pagel,0.198,0.288,16,0
11/6/2008 13:06,11/6/2008 20:24,pagel,pagel,0.641,0.454,15.9,0
10/10/2007 20:52,10/11/2007 7:39,pagel,pagel,0.189,0.036,15.8,0
6/20/2007 21:58,6/20/2007 23:17,pagel,pagel,0.099,0.18,15.78,0
9/4/2008 14:20,9/4/2008 22:08,pagel,pagel,0.459,0.126,15.7,0
9/11/2008 17:07,9/11/2008 18:40,pagel,pagel,0.234,0.27,15.7,0
10/24/2008 9:24,10/24/2008 14:33,pagel,pagel,0.234,0.18,15.7,0
7/3/2007 17:27,7/3/2007 22:20,pagel,pagel,0.572,0.352,15.5,0
10/10/2007 6:39,10/10/2007 16:55,pagel,pagel,0.252,0.072,15.4,0
9/21/2007 19:36,9/21/2007 22:44,pagel,pagel,0.234,0.234,15.3,0
9/25/2007 1:42,9/25/2007 5:54,pagel,pagel,0.463,0.582,15.2,0
7/3/2007 6:54,7/3/2007 9:57,pagel,pagel,0.306,0.234,15.1,0
10/1/2007 1:10,10/1/2007 5:39,pagel,pagel,0.459,0.18,15.1,0
10/7/2008 14:47,10/8/2008 3:31,pagel,pagel,0.756,0.234,15.1,0
10/5/2008 20:58,10/6/2008 1:55,pagel,pagel,0.117,0.054,14.8,0
9/22/2009 13:42,9/23/2009 1:03,pagel,pagel,0.441,0.126,14.8,0
9/21/2009 3:17,9/21/2009 7:10,pagel,pagel,0.198,0.234,14.5,0
8/12/2007 2:01,8/12/2007 2:59,pagel,pagel,0.319,0.584,14.1,0
6/18/2007 18:08,6/19/2007 0:34,pagel,pagel,0.985,0.81,13.44,0
7/24/2010 3:11,7/24/2010 6:27,saxon,df5,0.46,0.35,51,0.161607579
4/26/2009 14:52,4/26/2009 16:28,saxon,df5,0.1,0.14,48,0
4/25/2009 21:19,4/26/2009 9:56,saxon,df5,1.14,0.29,47,0.248847667
7/22/2010 9:26,7/22/2010 17:00,saxon,df5,1.72,1.36,45,0.561781462
6/11/2010 12:14,6/11/2010 14:10,saxon,df5,0.1,0.18,45,0
7/19/2008 23:38,7/20/2008 1:10,saxon,df5,0.13,0.16,45,0
7/20/2008 3:57,7/20/2008 5:48,saxon,df5,0.37,0.57,45,0
4/25/2008 17:35,4/25/2008 22:27,saxon,df5,1.08,0.87,44,0.401096338
6/23/2010 20:52,6/23/2010 21:22,saxon,df5,0.7,1.39,44,0
4/8/2010 8:17,4/8/2010 12:25,saxon,df5,0.14,0.09,44,0.145833333
8/24/2007 15:31,8/24/2007 16:08,saxon,df5,0.2,0.39,44,0
6/15/2010 14:24,6/15/2010 21:25,saxon,df5,0.48,0.2,43,0.226415094
6/27/2010 2:35,6/27/2010 6:03,saxon,df5,0.43,0.6,43,0
7/18/2010 9:44,7/18/2010 10:30,saxon,df5,0.17,0.27,43,0
7/20/2010 19:59,7/20/2010 21:01,saxon,df5,0.7,1.32,43,0
4/7/2010 16:00,4/7/2010 17:53,saxon,df5,0.14,0.18,43,0
8/22/2007 3:23,8/22/2007 6:19,saxon,df5,0.11,0.13,43,0
4/10/2008 11:43,4/11/2008 3:04,saxon,df5,0.97,0.22,42,0.365751615
7/31/2010 3:13,7/31/2010 10:05,saxon,df5,0.33,0.38,42,0
6/23/2010 4:52,6/23/2010 6:44,saxon,df5,0.29,0.23,42,0
5/15/2007 15:35,5/15/2007 21:19,saxon,df5,0.5,0.34,42,0
5/15/2007 10:36,5/15/2007 13:20,saxon,df5,0.32,0.27,42,0
6/21/2010 21:48,6/22/2010 0:11,saxon,df5,0.21,0.14,41,0
8/20/2007 21:58,8/21/2007 1:36,saxon,df5,0.16,0.13,41,0
6/15/2010 10:32,6/15/2010 11:37,saxon,df5,0.29,0.54,41,0
6/8/2008 18:23,6/9/2008 1:14,saxon,df5,1.24,1.09,40,0.336717446
4/30/2009 9:08,4/30/2009 12:50,saxon,df5,0.19,0.23,40,0
6/12/2008 13:32,6/13/2008 2:51,saxon,df5,2.91,1.45,40,0.825859997
5/13/2010 1:10,5/13/2010 9:49,saxon,df5,0.52,0.22,40,0.090038314
6/11/2010 6:19,6/11/2010 8:25,saxon,df5,0.72,0.7,40,0
4/30/2010 18:49,4/30/2010 20:30,saxon,df5,0.45,0.77,39,0
4/25/2008 11:25,4/25/2008 12:17,saxon,df5,0.22,0.29,39,0
4/25/2009 7:00,4/25/2009 12:21,saxon,df5,0.59,0.27,38,0
5/13/2009 18:55,5/13/2009 23:18,saxon,df5,0.4,0.31,38,0
5/9/2009 0:16,5/9/2009 8:30,saxon,df5,0.52,0.23,38,0
4/24/2010 23:39,4/25/2010 6:23,saxon,df5,1.32,0.49,38,0.228269085
6/8/2010 11:09,6/9/2010 0:35,saxon,df5,0.54,0.12,38,0
8/11/2010 5:46,8/11/2010 10:50,saxon,df5,1.21,1.24,38,0.139661227
8/20/2010 16:45,8/20/2010 20:51,saxon,df5,0.63,0.72,38,0
8/8/2010 4:28,8/8/2010 7:47,saxon,df5,0.35,0.22,38,0
4/25/2008 3:46,4/25/2008 5:01,saxon,df5,0.21,0.25,38,0
4/20/2009 23:35,4/21/2009 15:27,saxon,df5,0.2,0.04,38,0
5/21/2010 5:49,5/21/2010 13:01,saxon,df5,0.23,0.13,37,0
5/6/2009 17:11,5/6/2009 21:13,saxon,df5,0.39,0.5,37,0
6/21/2008 17:16,6/21/2008 17:43,saxon,df5,0.33,0.66,37,0
4/22/2008 12:56,4/22/2008 14:46,saxon,df5,0.17,0.14,37,0
5/26/2010 18:24,5/26/2010 20:30,saxon,df5,0.77,1.11,37,0
4/24/2008 18:33,4/25/2008 1:01,saxon,df5,0.14,0.05,37,0
5/11/2010 4:27,5/11/2010 15:37,saxon,df5,0.45,0.11,37,0
10/26/2009 14:40,10/26/2009 19:52,saxon,df5,0.19,0.05,37,0
4/8/2008 14:25,4/8/2008 22:40,saxon,df5,0.84,0.18,36,0.024418284
10/29/2009 22:51,10/30/2009 22:51,saxon,df5,0.41,0.04,36,0
10/26/2009 1:37,10/26/2009 5:55,saxon,df5,0.11,0.05,36,0
11/25/2009 19:55,11/26/2009 7:10,saxon,df5,0.46,0.09,36,0
5/7/2010 9:03,5/8/2010 1:38,saxon,df5,0.62,0.16,35,0
10/17/2007 22:51,10/18/2007 8:38,saxon,df5,0.65,0.56,35,0
6/5/2010 16:54,6/5/2010 21:40,saxon,df5,0.59,0.28,35,0
8/20/2009 16:54,8/20/2009 17:03,saxon,df5,0.1,0.2,35,0
4/6/2010 20:20,4/7/2010 0:08,saxon,df5,0.51,0.38,35,0.038986355
7/15/2010 0:44,7/15/2010 5:05,saxon,df5,1,1.07,34,0.037886341
3/31/2009 15:19,3/31/2009 20:40,saxon,df5,0.28,0.13,34,0
3/19/2010 16:59,3/19/2010 22:19,saxon,df5,0.11,0.04,34,0
8/17/2009 15:46,8/17/2009 16:24,saxon,df5,0.35,0.67,34,0
9/7/2007 4:41,9/7/2007 6:39,saxon,df5,0.19,0.31,34,0
6/4/2010 7:01,6/4/2010 11:25,saxon,df5,0.31,0.14,34,0
4/24/2010 5:40,4/24/2010 16:18,saxon,df5,0.75,0.27,34,0
4/19/2009 18:27,4/20/2009 6:33,saxon,df5,0.77,0.13,34,0
8/10/2009 8:38,8/10/2009 9:18,saxon,df5,0.24,0.45,33,0
8/20/2009 8:29,8/20/2009 11:37,saxon,df5,0.17,0.22,33,0
6/4/2007 9:14,6/4/2007 14:52,saxon,df5,0.16,0.14,33,0
6/8/2008 7:50,6/8/2008 12:28,saxon,df5,1,0.7,33,0.012004698
10/22/2009 20:59,10/23/2009 15:54,saxon,df5,1.49,0.23,33,0
9/6/2010 8:27,9/6/2010 11:24,saxon,df5,0.13,0.14,33,0
6/1/2007 21:24,6/1/2007 22:53,saxon,df5,0.12,0.16,33,0
8/25/2009 15:16,8/25/2009 19:29,saxon,df5,0.12,0.09,33,0
11/24/2009 20:01,11/25/2009 3:54,saxon,df5,0.23,0.07,32,0
6/28/2008 15:55,6/28/2008 16:49,saxon,df5,0.37,0.68,32,0
6/2/2007 13:17,6/2/2007 13:58,saxon,df5,0.18,0.31,32,0
6/3/2007 15:32,6/3/2007 16:30,saxon,df5,0.4,0.67,32,0
9/2/2010 19:23,9/2/2010 20:55,saxon,df5,0.68,1.11,32,0
5/25/2009 23:33,5/26/2009 1:43,saxon,df5,0.11,0.07,32,0
11/19/2009 0:32,11/19/2009 6:17,saxon,df5,0.2,0.07,32,0
7/7/2010 11:03,7/7/2010 11:30,saxon,df5,0.34,0.68,32,0
9/10/2007 10:05,9/10/2007 18:52,saxon,df5,0.25,0.07,32,0
12/24/2009 17:31,12/25/2009 8:42,saxon,df5,1.26,0.23,32,0.045940471
6/7/2008 21:17,6/7/2008 23:00,saxon,df5,0.32,0.59,31,0
10/22/2009 3:21,10/22/2009 9:44,saxon,df5,0.18,0.11,31,0
5/27/2009 7:32,5/27/2009 14:11,saxon,df5,0.27,0.14,31,0
10/2/2007 22:44,10/2/2007 23:31,saxon,df5,0.1,0.18,31,0
4/6/2010 6:55,4/6/2010 9:16,saxon,df5,0.29,0.2,31,0
8/4/2008 14:34,8/4/2008 16:32,saxon,df5,0.47,0.75,31,0
6/6/2009 14:30,6/6/2009 19:33,saxon,df5,0.2,0.11,31,0
8/9/2009 15:04,8/9/2009 15:40,saxon,df5,0.72,1.39,31,0
4/6/2010 0:30,4/6/2010 1:29,saxon,df5,0.23,0.31,31,0
7/7/2008 20:47,7/7/2008 23:06,saxon,df5,0.22,0.18,30,0
8/3/2008 18:51,8/3/2008 20:02,saxon,df5,0.18,0.33,30,0
6/17/2009 5:23,6/17/2009 6:32,saxon,df5,0.12,0.13,30,0
8/4/2008 4:44,8/4/2008 6:31,saxon,df5,0.23,0.2,30,0
9/14/2008 9:18,9/14/2008 13:17,saxon,df5,0.29,0.13,30,0
9/11/2010 4:47,9/11/2010 10:24,saxon,df5,0.37,0.22,30,0
6/6/2008 13:25,6/6/2008 13:34,saxon,df5,0.18,0.36,30,0
6/8/2009 0:47,6/8/2009 7:10,saxon,df5,0.79,0.25,30,0
7/7/2008 0:43,7/7/2008 1:10,saxon,df5,0.44,0.88,30,0
9/1/2010 0:44,9/1/2010 3:43,saxon,df5,0.67,0.64,30,0
7/10/2010 17:13,7/10/2010 18:48,saxon,df5,0.17,0.29,30,0
7/10/2008 18:48,7/10/2008 19:54,saxon,df5,0.24,0.44,30,0
7/12/2008 3:19,7/12/2008 6:41,saxon,df5,0.4,0.56,29,0
7/2/2008 9:53,7/2/2008 11:06,saxon,df5,0.7,1.05,29,0
7/16/2008 15:19,7/16/2008 18:01,saxon,df5,2.64,3.96,28,0.184297603
10/6/2009 10:40,10/6/2009 15:10,saxon,df5,0.29,0.22,28,0
9/17/2007 15:22,9/17/2007 17:09,saxon,df5,0.17,0.28,28,0
9/21/2007 20:13,9/21/2007 23:02,saxon,df5,0.29,0.35,28,0
7/14/2010 20:37,7/14/2010 22:43,saxon,df5,0.91,1.43,28,0
10/10/2007 12:36,10/10/2007 17:41,saxon,df5,0.14,0.07,28,0
10/15/2009 16:55,10/16/2009 2:34,saxon,df5,0.2,0.07,28,0
10/6/2009 6:16,10/6/2009 8:28,saxon,df5,0.13,0.11,27,0
9/25/2007 5:05,9/25/2007 6:14,saxon,df5,0.17,0.29,27,0
10/15/2007 23:41,10/16/2007 8:11,saxon,df5,0.78,0.31,27,0
12/27/2008 21:57,12/28/2008 0:23,saxon,df5,0.14,0.16,27,0
12/27/2008 13:17,12/27/2008 16:11,saxon,df5,0.19,0.11,27,0
8/19/2007 21:32,8/20/2007 8:42,saxon,df5,1.14,0.6,26,0
12/26/2008 9:32,12/26/2008 14:38,saxon,df5,0.19,0.09,26,0
10/15/2008 5:34,10/15/2008 13:04,saxon,df5,0.18,0.09,26,0
9/30/2007 23:57,10/1/2007 6:32,saxon,df5,0.85,0.53,25,0
10/20/2008 2:22,10/20/2008 6:51,saxon,df5,0.26,0.22,25,0
10/24/2008 6:48,10/24/2008 12:21,saxon,df5,0.19,0.09,25,0
11/13/2008 19:18,11/13/2008 23:18,saxon,df5,0.15,0.11,25,0
11/6/2008 12:22,11/6/2008 19:38,saxon,df5,0.23,0.29,24,0
10/2/2009 3:40,10/2/2009 10:30,saxon,df5,0.27,0.16,24,0
6/18/2007 20:33,6/19/2007 0:27,saxon,df5,0.45,0.5,24,0
7/9/2007 9:41,7/9/2007 11:52,saxon,df5,0.44,0.72,24,0
9/25/2009 19:48,9/25/2009 21:29,saxon,df5,0.1,0.11,24,0
9/28/2009 4:21,9/28/2009 5:47,saxon,df5,0.22,0.23,24,0
6/21/2007 2:04,6/21/2007 3:48,saxon,df5,0.16,0.22,24,0
10/1/2009 21:13,10/1/2009 22:28,saxon,df5,0.14,0.14,24,0
9/13/2008 5:16,9/13/2008 14:04,saxon,df5,0.59,0.18,23,0
7/11/2009 0:41,7/11/2009 3:23,saxon,df5,0.12,0.16,23,0
7/5/2007 17:07,7/5/2007 18:39,saxon,df5,0.55,0.61,23,0
10/7/2008 13:56,10/8/2008 1:13,saxon,df5,0.68,0.22,23,0
7/3/2007 19:47,7/3/2007 23:36,saxon,df5,0.17,0.14,23,0
7/16/2007 9:07,7/16/2007 10:53,saxon,df5,0.11,0.07,23,0
9/11/2008 17:26,9/11/2008 19:02,saxon,df5,0.36,0.45,23,0
10/5/2008 16:52,10/6/2008 2:33,saxon,df5,0.24,0.11,22,0
6/5/2008 5:39,6/5/2008 10:07,saxon,df5,0.78,0.58,22,0
5/31/2008 3:27,5/31/2008 5:34,saxon,df5,0.13,0.18,22,0
7/15/2009 1:40,7/15/2009 3:31,saxon,df5,0.17,0.13,22,0
9/4/2008 8:46,9/4/2008 23:18,saxon,df5,0.56,0.13,22,0
7/26/2007 18:08,7/26/2007 20:00,saxon,df5,0.28,0.25,22,0
5/30/2008 1:32,5/30/2008 6:04,saxon,df5,0.32,0.25,22,0
6/2/2008 21:00,6/3/2008 6:11,saxon,df5,0.38,0.16,22,0
7/27/2009 17:09,7/27/2009 18:58,saxon,df5,0.1,0.14,22,0
8/14/2007 8:44,8/14/2007 9:04,saxon,df5,0.11,0.22,21,0
7/22/2009 9:13,7/22/2009 11:18,saxon,df5,0.24,0.27,21,0
8/7/2009 22:36,8/8/2009 9:13,saxon,df5,1.87,2.14,21,0
8/18/2007 14:00,8/19/2007 8:40,saxon,df5,0.94,0.18,21,0
9/22/2009 12:32,9/22/2009 17:09,saxon,df5,0.61,0.32,21,0
8/3/2009 3:44,8/3/2009 7:17,saxon,df5,0.5,0.43,21,0
8/7/2007 0:12,8/7/2007 2:45,saxon,df5,0.93,1.33,21,0
7/24/2010 3:11,7/24/2010 6:27,saxon,df7,0.46,0.35,51,0.097177005
4/26/2009 14:52,4/26/2009 16:28,saxon,df7,0.1,0.14,48,0.038888054
4/25/2009 21:19,4/26/2009 9:56,saxon,df7,1.14,0.29,47,0.12250667
7/22/2010 9:26,7/22/2010 17:00,saxon,df7,1.72,1.36,45,0.419600999
6/11/2010 12:14,6/11/2010 14:10,saxon,df7,0.1,0.18,45,0
7/19/2008 23:38,7/20/2008 1:10,saxon,df7,0.13,0.16,45,0
7/20/2008 3:57,7/20/2008 5:48,saxon,df7,0.37,0.57,45,0
4/25/2008 17:35,4/25/2008 22:27,saxon,df7,1.08,0.87,44,0.215435474
6/23/2010 20:52,6/23/2010 21:22,saxon,df7,0.7,1.39,44,0
4/8/2010 8:17,4/8/2010 12:25,saxon,df7,0.14,0.09,44,0
8/24/2007 15:31,8/24/2007 16:08,saxon,df7,0.2,0.39,44,0
6/15/2010 14:24,6/15/2010 21:25,saxon,df7,0.48,0.2,43,0.473658714
6/27/2010 2:35,6/27/2010 6:03,saxon,df7,0.43,0.6,43,0
7/18/2010 9:44,7/18/2010 10:30,saxon,df7,0.17,0.27,43,0
7/20/2010 19:59,7/20/2010 21:01,saxon,df7,0.7,1.32,43,0
4/7/2010 16:00,4/7/2010 17:53,saxon,df7,0.14,0.18,43,0
8/22/2007 3:23,8/22/2007 6:19,saxon,df7,0.11,0.13,43,0
4/10/2008 11:43,4/11/2008 3:04,saxon,df7,0.97,0.22,42,0.42365881
7/31/2010 3:13,7/31/2010 10:05,saxon,df7,0.33,0.38,42,0
6/23/2010 4:52,6/23/2010 6:44,saxon,df7,0.29,0.23,42,0
5/15/2007 15:35,5/15/2007 21:19,saxon,df7,0.5,0.34,42,0
5/15/2007 10:36,5/15/2007 13:20,saxon,df7,0.32,0.27,42,0
6/21/2010 21:48,6/22/2010 0:11,saxon,df7,0.21,0.14,41,0
8/20/2007 21:58,8/21/2007 1:36,saxon,df7,0.16,0.13,41,0
6/15/2010 10:32,6/15/2010 11:37,saxon,df7,0.29,0.54,41,0
6/8/2008 18:23,6/9/2008 1:14,saxon,df7,1.24,1.09,40,0.753771879
4/30/2009 9:08,4/30/2009 12:50,saxon,df7,0.19,0.23,40,0
6/12/2008 13:32,6/13/2008 2:51,saxon,df7,2.91,1.45,40,0.915329612
5/13/2010 1:10,5/13/2010 9:49,saxon,df7,0.52,0.22,40,0
6/11/2010 6:19,6/11/2010 8:25,saxon,df7,0.72,0.7,40,0
4/30/2010 18:49,4/30/2010 20:30,saxon,df7,0.45,0.77,39,0
4/25/2008 11:25,4/25/2008 12:17,saxon,df7,0.22,0.29,39,0
4/25/2009 7:00,4/25/2009 12:21,saxon,df7,0.59,0.27,38,0
5/13/2009 18:55,5/13/2009 23:18,saxon,df7,0.4,0.31,38,0
5/9/2009 0:16,5/9/2009 8:30,saxon,df7,0.52,0.23,38,0
4/24/2010 23:39,4/25/2010 6:23,saxon,df7,1.32,0.49,38,0.221526583
6/8/2010 11:09,6/9/2010 0:35,saxon,df7,0.54,0.12,38,0
8/11/2010 5:46,8/11/2010 10:50,saxon,df7,1.21,1.24,38,0
8/20/2010 16:45,8/20/2010 20:51,saxon,df7,0.63,0.72,38,0
8/8/2010 4:28,8/8/2010 7:47,saxon,df7,0.35,0.22,38,0
4/25/2008 3:46,4/25/2008 5:01,saxon,df7,0.21,0.25,38,0
4/20/2009 23:35,4/21/2009 15:27,saxon,df7,0.2,0.04,38,0
5/21/2010 5:49,5/21/2010 13:01,saxon,df7,0.23,0.13,37,0
5/6/2009 17:11,5/6/2009 21:13,saxon,df7,0.39,0.5,37,0
6/21/2008 17:16,6/21/2008 17:43,saxon,df7,0.33,0.66,37,0
4/22/2008 12:56,4/22/2008 14:46,saxon,df7,0.17,0.14,37,0
5/26/2010 18:24,5/26/2010 20:30,saxon,df7,0.77,1.11,37,0
4/24/2008 18:33,4/25/2008 1:01,saxon,df7,0.14,0.05,37,0
5/11/2010 4:27,5/11/2010 15:37,saxon,df7,0.45,0.11,37,0
10/26/2009 14:40,10/26/2009 19:52,saxon,df7,0.19,0.05,37,0
4/8/2008 14:25,4/8/2008 22:40,saxon,df7,0.84,0.18,36,0
10/29/2009 22:51,10/30/2009 22:51,saxon,df7,0.41,0.04,36,0
10/26/2009 1:37,10/26/2009 5:55,saxon,df7,0.11,0.05,36,0
11/25/2009 19:55,11/26/2009 7:10,saxon,df7,0.46,0.09,36,0
5/7/2010 9:03,5/8/2010 1:38,saxon,df7,0.62,0.16,35,0
10/17/2007 22:51,10/18/2007 8:38,saxon,df7,0.65,0.56,35,0
6/5/2010 16:54,6/5/2010 21:40,saxon,df7,0.59,0.28,35,0
8/20/2009 16:54,8/20/2009 17:03,saxon,df7,0.1,0.2,35,0
4/6/2010 20:20,4/7/2010 0:08,saxon,df7,0.51,0.38,35,0
7/15/2010 0:44,7/15/2010 5:05,saxon,df7,1,1.07,34,0
3/31/2009 15:19,3/31/2009 20:40,saxon,df7,0.28,0.13,34,0
3/19/2010 16:59,3/19/2010 22:19,saxon,df7,0.11,0.04,34,0
8/17/2009 15:46,8/17/2009 16:24,saxon,df7,0.35,0.67,34,0
9/7/2007 4:41,9/7/2007 6:39,saxon,df7,0.19,0.31,34,0
6/4/2010 7:01,6/4/2010 11:25,saxon,df7,0.31,0.14,34,0
4/24/2010 5:40,4/24/2010 16:18,saxon,df7,0.75,0.27,34,0
4/19/2009 18:27,4/20/2009 6:33,saxon,df7,0.77,0.13,34,0
8/10/2009 8:38,8/10/2009 9:18,saxon,df7,0.24,0.45,33,0
8/20/2009 8:29,8/20/2009 11:37,saxon,df7,0.17,0.22,33,0
6/4/2007 9:14,6/4/2007 14:52,saxon,df7,0.16,0.14,33,0
6/8/2008 7:50,6/8/2008 12:28,saxon,df7,1,0.7,33,0.226930095
10/22/2009 20:59,10/23/2009 15:54,saxon,df7,1.49,0.23,33,0
9/6/2010 8:27,9/6/2010 11:24,saxon,df7,0.13,0.14,33,0
6/1/2007 21:24,6/1/2007 22:53,saxon,df7,0.12,0.16,33,0
8/25/2009 15:16,8/25/2009 19:29,saxon,df7,0.12,0.09,33,0
11/24/2009 20:01,11/25/2009 3:54,saxon,df7,0.23,0.07,32,0
6/28/2008 15:55,6/28/2008 16:49,saxon,df7,0.37,0.68,32,0
6/2/2007 13:17,6/2/2007 13:58,saxon,df7,0.18,0.31,32,0
6/3/2007 15:32,6/3/2007 16:30,saxon,df7,0.4,0.67,32,0
9/2/2010 19:23,9/2/2010 20:55,saxon,df7,0.68,1.11,32,0
5/25/2009 23:33,5/26/2009 1:43,saxon,df7,0.11,0.07,32,0
11/19/2009 0:32,11/19/2009 6:17,saxon,df7,0.2,0.07,32,0
7/7/2010 11:03,7/7/2010 11:30,saxon,df7,0.34,0.68,32,0
9/10/2007 10:05,9/10/2007 18:52,saxon,df7,0.25,0.07,32,0
12/24/2009 17:31,12/25/2009 8:42,saxon,df7,1.26,0.23,32,0
6/7/2008 21:17,6/7/2008 23:00,saxon,df7,0.32,0.59,31,0
10/22/2009 3:21,10/22/2009 9:44,saxon,df7,0.18,0.11,31,0
5/27/2009 7:32,5/27/2009 14:11,saxon,df7,0.27,0.14,31,0
10/2/2007 22:44,10/2/2007 23:31,saxon,df7,0.1,0.18,31,0
4/6/2010 6:55,4/6/2010 9:16,saxon,df7,0.29,0.2,31,0
8/4/2008 14:34,8/4/2008 16:32,saxon,df7,0.47,0.75,31,0
6/6/2009 14:30,6/6/2009 19:33,saxon,df7,0.2,0.11,31,0
8/9/2009 15:04,8/9/2009 15:40,saxon,df7,0.72,1.39,31,0
4/6/2010 0:30,4/6/2010 1:29,saxon,df7,0.23,0.31,31,0
7/7/2008 20:47,7/7/2008 23:06,saxon,df7,0.22,0.18,30,0
8/3/2008 18:51,8/3/2008 20:02,saxon,df7,0.18,0.33,30,0
6/17/2009 5:23,6/17/2009 6:32,saxon,df7,0.12,0.13,30,0
8/4/2008 4:44,8/4/2008 6:31,saxon,df7,0.23,0.2,30,0
9/14/2008 9:18,9/14/2008 13:17,saxon,df7,0.29,0.13,30,0
9/11/2010 4:47,9/11/2010 10:24,saxon,df7,0.37,0.22,30,0
6/6/2008 13:25,6/6/2008 13:34,saxon,df7,0.18,0.36,30,0
6/8/2009 0:47,6/8/2009 7:10,saxon,df7,0.79,0.25,30,0
7/7/2008 0:43,7/7/2008 1:10,saxon,df7,0.44,0.88,30,0
9/1/2010 0:44,9/1/2010 3:43,saxon,df7,0.67,0.64,30,0
7/10/2010 17:13,7/10/2010 18:48,saxon,df7,0.17,0.29,30,0
7/10/2008 18:48,7/10/2008 19:54,saxon,df7,0.24,0.44,30,0
7/12/2008 3:19,7/12/2008 6:41,saxon,df7,0.4,0.56,29,0
7/2/2008 9:53,7/2/2008 11:06,saxon,df7,0.7,1.05,29,0
7/16/2008 15:19,7/16/2008 18:01,saxon,df7,2.64,3.96,28,0.152983204
10/6/2009 10:40,10/6/2009 15:10,saxon,df7,0.29,0.22,28,0
9/17/2007 15:22,9/17/2007 17:09,saxon,df7,0.17,0.28,28,0
9/21/2007 20:13,9/21/2007 23:02,saxon,df7,0.29,0.35,28,0
7/14/2010 20:37,7/14/2010 22:43,saxon,df7,0.91,1.43,28,0
10/10/2007 12:36,10/10/2007 17:41,saxon,df7,0.14,0.07,28,0
10/15/2009 16:55,10/16/2009 2:34,saxon,df7,0.2,0.07,28,0
10/6/2009 6:16,10/6/2009 8:28,saxon,df7,0.13,0.11,27,0
9/25/2007 5:05,9/25/2007 6:14,saxon,df7,0.17,0.29,27,0
10/15/2007 23:41,10/16/2007 8:11,saxon,df7,0.78,0.31,27,0
12/27/2008 21:57,12/28/2008 0:23,saxon,df7,0.14,0.16,27,0
12/27/2008 13:17,12/27/2008 16:11,saxon,df7,0.19,0.11,27,0
8/19/2007 21:32,8/20/2007 8:42,saxon,df7,1.14,0.6,26,0
12/26/2008 9:32,12/26/2008 14:38,saxon,df7,0.19,0.09,26,0
10/15/2008 5:34,10/15/2008 13:04,saxon,df7,0.18,0.09,26,0
9/30/2007 23:57,10/1/2007 6:32,saxon,df7,0.85,0.53,25,0
10/20/2008 2:22,10/20/2008 6:51,saxon,df7,0.26,0.22,25,0
10/24/2008 6:48,10/24/2008 12:21,saxon,df7,0.19,0.09,25,0
11/13/2008 19:18,11/13/2008 23:18,saxon,df7,0.15,0.11,25,0
11/6/2008 12:22,11/6/2008 19:38,saxon,df7,0.23,0.29,24,0
10/2/2009 3:40,10/2/2009 10:30,saxon,df7,0.27,0.16,24,0
6/18/2007 20:33,6/19/2007 0:27,saxon,df7,0.45,0.5,24,0
7/9/2007 9:41,7/9/2007 11:52,saxon,df7,0.44,0.72,24,0
9/25/2009 19:48,9/25/2009 21:29,saxon,df7,0.1,0.11,24,0
9/28/2009 4:21,9/28/2009 5:47,saxon,df7,0.22,0.23,24,0
6/21/2007 2:04,6/21/2007 3:48,saxon,df7,0.16,0.22,24,0
10/1/2009 21:13,10/1/2009 22:28,saxon,df7,0.14,0.14,24,0
9/13/2008 5:16,9/13/2008 14:04,saxon,df7,0.59,0.18,23,0
7/11/2009 0:41,7/11/2009 3:23,saxon,df7,0.12,0.16,23,0
7/5/2007 17:07,7/5/2007 18:39,saxon,df7,0.55,0.61,23,0
10/7/2008 13:56,10/8/2008 1:13,saxon,df7,0.68,0.22,23,0
7/3/2007 19:47,7/3/2007 23:36,saxon,df7,0.17,0.14,23,0
7/16/2007 9:07,7/16/2007 10:53,saxon,df7,0.11,0.07,23,0
9/11/2008 17:26,9/11/2008 19:02,saxon,df7,0.36,0.45,23,0
10/5/2008 16:52,10/6/2008 2:33,saxon,df7,0.24,0.11,22,0
6/5/2008 5:39,6/5/2008 10:07,saxon,df7,0.78,0.58,22,0
5/31/2008 3:27,5/31/2008 5:34,saxon,df7,0.13,0.18,22,0
7/15/2009 1:40,7/15/2009 3:31,saxon,df7,0.17,0.13,22,0
9/4/2008 8:46,9/4/2008 23:18,saxon,df7,0.56,0.13,22,0
7/26/2007 18:08,7/26/2007 20:00,saxon,df7,0.28,0.25,22,0
5/30/2008 1:32,5/30/2008 6:04,saxon,df7,0.32,0.25,22,0
6/2/2008 21:00,6/3/2008 6:11,saxon,df7,0.38,0.16,22,0
7/27/2009 17:09,7/27/2009 18:58,saxon,df7,0.1,0.14,22,0
8/14/2007 8:44,8/14/2007 9:04,saxon,df7,0.11,0.22,21,0
7/22/2009 9:13,7/22/2009 11:18,saxon,df7,0.24,0.27,21,0
8/7/2009 22:36,8/8/2009 9:13,saxon,df7,1.87,2.14,21,0
8/18/2007 14:00,8/19/2007 8:40,saxon,df7,0.94,0.18,21,0
9/22/2009 12:32,9/22/2009 17:09,saxon,df7,0.61,0.32,21,0
8/3/2009 3:44,8/3/2009 7:17,saxon,df7,0.5,0.43,21,0
8/7/2007 0:12,8/7/2007 2:45,saxon,df7,0.93,1.33,21,0
7/24/2010 3:11,7/24/2010 6:27,saxon,df8,0.46,0.35,51,0.155783126
4/26/2009 14:52,4/26/2009 16:28,saxon,df8,0.1,0.14,48,0
4/25/2009 21:19,4/26/2009 9:56,saxon,df8,1.14,0.29,47,0.300429752
7/22/2010 9:26,7/22/2010 17:00,saxon,df8,1.72,1.36,45,0.436882106
6/11/2010 12:14,6/11/2010 14:10,saxon,df8,0.1,0.18,45,0
7/19/2008 23:38,7/20/2008 1:10,saxon,df8,0.13,0.16,45,0
7/20/2008 3:57,7/20/2008 5:48,saxon,df8,0.37,0.57,45,0.012081926
4/25/2008 17:35,4/25/2008 22:27,saxon,df8,1.08,0.87,44,0.373842569
6/23/2010 20:52,6/23/2010 21:22,saxon,df8,0.7,1.39,44,0.054795025
4/8/2010 8:17,4/8/2010 12:25,saxon,df8,0.14,0.09,44,0.206545455
6/15/2010 14:24,6/15/2010 21:25,saxon,df8,0.48,0.2,43,0.988951193
6/27/2010 2:35,6/27/2010 6:03,saxon,df8,0.43,0.6,43,0.032530758
7/18/2010 9:44,7/18/2010 10:30,saxon,df8,0.17,0.27,43,0
7/20/2010 19:59,7/20/2010 21:01,saxon,df8,0.7,1.32,43,0.011904251
4/7/2010 16:00,4/7/2010 17:53,saxon,df8,0.14,0.18,43,0
4/10/2008 11:43,4/11/2008 3:04,saxon,df8,0.97,0.22,42,0.338580961
7/31/2010 3:13,7/31/2010 10:05,saxon,df8,0.33,0.38,42,0
6/23/2010 4:52,6/23/2010 6:44,saxon,df8,0.29,0.23,42,0
6/21/2010 21:48,6/22/2010 0:11,saxon,df8,0.21,0.14,41,0
6/15/2010 10:32,6/15/2010 11:37,saxon,df8,0.29,0.54,41,0
6/8/2008 18:23,6/9/2008 1:14,saxon,df8,1.24,1.09,40,0.219882669
4/30/2009 9:08,4/30/2009 12:50,saxon,df8,0.19,0.23,40,0
6/12/2008 13:32,6/13/2008 2:51,saxon,df8,2.91,1.45,40,0.681936999
5/13/2010 1:10,5/13/2010 9:49,saxon,df8,0.52,0.22,40,0.1246167
6/11/2010 6:19,6/11/2010 8:25,saxon,df8,0.72,0.7,40,0.024641322
4/30/2010 18:49,4/30/2010 20:30,saxon,df8,0.45,0.77,39,0
4/25/2008 11:25,4/25/2008 12:17,saxon,df8,0.22,0.29,39,0.019592287
4/25/2009 7:00,4/25/2009 12:21,saxon,df8,0.59,0.27,38,0.033379275
5/13/2009 18:55,5/13/2009 23:18,saxon,df8,0.4,0.31,38,0
5/9/2009 0:16,5/9/2009 8:30,saxon,df8,0.52,0.23,38,0
4/24/2010 23:39,4/25/2010 6:23,saxon,df8,1.32,0.49,38,0.35627998
6/8/2010 11:09,6/9/2010 0:35,saxon,df8,0.54,0.12,38,0
8/11/2010 5:46,8/11/2010 10:50,saxon,df8,1.21,1.24,38,0.11766115
8/20/2010 16:45,8/20/2010 20:51,saxon,df8,0.63,0.72,38,0
8/8/2010 4:28,8/8/2010 7:47,saxon,df8,0.35,0.22,38,0
4/25/2008 3:46,4/25/2008 5:01,saxon,df8,0.21,0.25,38,0
4/20/2009 23:35,4/21/2009 15:27,saxon,df8,0.2,0.04,38,0
5/21/2010 5:49,5/21/2010 13:01,saxon,df8,0.23,0.13,37,0
5/6/2009 17:11,5/6/2009 21:13,saxon,df8,0.39,0.5,37,0
6/21/2008 17:16,6/21/2008 17:43,saxon,df8,0.33,0.66,37,0
4/22/2008 12:56,4/22/2008 14:46,saxon,df8,0.17,0.14,37,0
5/26/2010 18:24,5/26/2010 20:30,saxon,df8,0.77,1.11,37,0.036553419
4/24/2008 18:33,4/25/2008 1:01,saxon,df8,0.14,0.05,37,0
5/11/2010 4:27,5/11/2010 15:37,saxon,df8,0.45,0.11,37,0
10/26/2009 14:40,10/26/2009 19:52,saxon,df8,0.19,0.05,37,0
4/8/2008 14:25,4/8/2008 22:40,saxon,df8,0.84,0.18,36,0.111819426
10/29/2009 22:51,10/30/2009 22:51,saxon,df8,0.41,0.04,36,0
10/26/2009 1:37,10/26/2009 5:55,saxon,df8,0.11,0.05,36,0
11/25/2009 19:55,11/26/2009 7:10,saxon,df8,0.46,0.09,36,0
5/7/2010 9:03,5/8/2010 1:38,saxon,df8,0.62,0.16,35,0
10/17/2007 22:51,10/18/2007 8:38,saxon,df8,0.65,0.56,35,0
6/5/2010 16:54,6/5/2010 21:40,saxon,df8,0.59,0.28,35,0
8/20/2009 16:54,8/20/2009 17:03,saxon,df8,0.1,0.2,35,0
4/6/2010 20:20,4/7/2010 0:08,saxon,df8,0.51,0.38,35,0.034881253
7/15/2010 0:44,7/15/2010 5:05,saxon,df8,1,1.07,34,0.164793817
3/31/2009 15:19,3/31/2009 20:40,saxon,df8,0.28,0.13,34,0
3/19/2010 16:59,3/19/2010 22:19,saxon,df8,0.11,0.04,34,0
8/17/2009 15:46,8/17/2009 16:24,saxon,df8,0.35,0.67,34,0
6/4/2010 7:01,6/4/2010 11:25,saxon,df8,0.31,0.14,34,0
4/24/2010 5:40,4/24/2010 16:18,saxon,df8,0.75,0.27,34,0
4/19/2009 18:27,4/20/2009 6:33,saxon,df8,0.77,0.13,34,0
8/10/2009 8:38,8/10/2009 9:18,saxon,df8,0.24,0.45,33,0
8/20/2009 8:29,8/20/2009 11:37,saxon,df8,0.17,0.22,33,0
6/8/2008 7:50,6/8/2008 12:28,saxon,df8,1,0.7,33,0.013363166
10/22/2009 20:59,10/23/2009 15:54,saxon,df8,1.49,0.23,33,0
9/6/2010 8:27,9/6/2010 11:24,saxon,df8,0.13,0.14,33,0
8/25/2009 15:16,8/25/2009 19:29,saxon,df8,0.12,0.09,33,0
11/24/2009 20:01,11/25/2009 3:54,saxon,df8,0.23,0.07,32,0
6/28/2008 15:55,6/28/2008 16:49,saxon,df8,0.37,0.68,32,0
9/2/2010 19:23,9/2/2010 20:55,saxon,df8,0.68,1.11,32,0
5/25/2009 23:33,5/26/2009 1:43,saxon,df8,0.11,0.07,32,0
11/19/2009 0:32,11/19/2009 6:17,saxon,df8,0.2,0.07,32,0
7/7/2010 11:03,7/7/2010 11:30,saxon,df8,0.34,0.68,32,0
12/24/2009 17:31,12/25/2009 8:42,saxon,df8,1.26,0.23,32,0.082149705
6/7/2008 21:17,6/7/2008 23:00,saxon,df8,0.32,0.59,31,0
10/22/2009 3:21,10/22/2009 9:44,saxon,df8,0.18,0.11,31,0
5/27/2009 7:32,5/27/2009 14:11,saxon,df8,0.27,0.14,31,0
10/2/2007 22:44,10/2/2007 23:31,saxon,df8,0.1,0.18,31,0
4/6/2010 6:55,4/6/2010 9:16,saxon,df8,0.29,0.2,31,0
8/4/2008 14:34,8/4/2008 16:32,saxon,df8,0.47,0.75,31,0
6/6/2009 14:30,6/6/2009 19:33,saxon,df8,0.2,0.11,31,0
8/9/2009 15:04,8/9/2009 15:40,saxon,df8,0.72,1.39,31,0
4/6/2010 0:30,4/6/2010 1:29,saxon,df8,0.23,0.31,31,0
7/7/2008 20:47,7/7/2008 23:06,saxon,df8,0.22,0.18,30,0
8/3/2008 18:51,8/3/2008 20:02,saxon,df8,0.18,0.33,30,0
6/17/2009 5:23,6/17/2009 6:32,saxon,df8,0.12,0.13,30,0
8/4/2008 4:44,8/4/2008 6:31,saxon,df8,0.23,0.2,30,0
9/14/2008 9:18,9/14/2008 13:17,saxon,df8,0.29,0.13,30,0
9/11/2010 4:47,9/11/2010 10:24,saxon,df8,0.37,0.22,30,0
6/6/2008 13:25,6/6/2008 13:34,saxon,df8,0.18,0.36,30,0
6/8/2009 0:47,6/8/2009 7:10,saxon,df8,0.79,0.25,30,0
7/7/2008 0:43,7/7/2008 1:10,saxon,df8,0.44,0.88,30,0
9/1/2010 0:44,9/1/2010 3:43,saxon,df8,0.67,0.64,30,0
7/10/2010 17:13,7/10/2010 18:48,saxon,df8,0.17,0.29,30,0
7/10/2008 18:48,7/10/2008 19:54,saxon,df8,0.24,0.44,30,0
7/12/2008 3:19,7/12/2008 6:41,saxon,df8,0.4,0.56,29,0
7/2/2008 9:53,7/2/2008 11:06,saxon,df8,0.7,1.05,29,0
7/16/2008 15:19,7/16/2008 18:01,saxon,df8,2.64,3.96,28,0.146227961
10/6/2009 10:40,10/6/2009 15:10,saxon,df8,0.29,0.22,28,0
7/14/2010 20:37,7/14/2010 22:43,saxon,df8,0.91,1.43,28,0
10/10/2007 12:36,10/10/2007 17:41,saxon,df8,0.14,0.07,28,0
10/15/2009 16:55,10/16/2009 2:34,saxon,df8,0.2,0.07,28,0
10/6/2009 6:16,10/6/2009 8:28,saxon,df8,0.13,0.11,27,0
10/15/2007 23:41,10/16/2007 8:11,saxon,df8,0.78,0.31,27,0
12/27/2008 21:57,12/28/2008 0:23,saxon,df8,0.14,0.16,27,0
12/27/2008 13:17,12/27/2008 16:11,saxon,df8,0.19,0.11,27,0
12/26/2008 9:32,12/26/2008 14:38,saxon,df8,0.19,0.09,26,0
10/15/2008 5:34,10/15/2008 13:04,saxon,df8,0.18,0.09,26,0
10/20/2008 2:22,10/20/2008 6:51,saxon,df8,0.26,0.22,25,0
10/24/2008 6:48,10/24/2008 12:21,saxon,df8,0.19,0.09,25,0
11/13/2008 19:18,11/13/2008 23:18,saxon,df8,0.15,0.11,25,0
11/6/2008 12:22,11/6/2008 19:38,saxon,df8,0.23,0.29,24,0
10/2/2009 3:40,10/2/2009 10:30,saxon,df8,0.27,0.16,24,0
9/25/2009 19:48,9/25/2009 21:29,saxon,df8,0.1,0.11,24,0
9/28/2009 4:21,9/28/2009 5:47,saxon,df8,0.22,0.23,24,0
10/1/2009 21:13,10/1/2009 22:28,saxon,df8,0.14,0.14,24,0
9/13/2008 5:16,9/13/2008 14:04,saxon,df8,0.59,0.18,23,0
7/11/2009 0:41,7/11/2009 3:23,saxon,df8,0.12,0.16,23,0
10/7/2008 13:56,10/8/2008 1:13,saxon,df8,0.68,0.22,23,0
9/11/2008 17:26,9/11/2008 19:02,saxon,df8,0.36,0.45,23,0
10/5/2008 16:52,10/6/2008 2:33,saxon,df8,0.24,0.11,22,0
6/5/2008 5:39,6/5/2008 10:07,saxon,df8,0.78,0.58,22,0
5/31/2008 3:27,5/31/2008 5:34,saxon,df8,0.13,0.18,22,0
7/15/2009 1:40,7/15/2009 3:31,saxon,df8,0.17,0.13,22,0
9/4/2008 8:46,9/4/2008 23:18,saxon,df8,0.56,0.13,22,0
5/30/2008 1:32,5/30/2008 6:04,saxon,df8,0.32,0.25,22,0
6/2/2008 21:00,6/3/2008 6:11,saxon,df8,0.38,0.16,22,0
7/27/2009 17:09,7/27/2009 18:58,saxon,df8,0.1,0.14,22,0
7/22/2009 9:13,7/22/2009 11:18,saxon,df8,0.24,0.27,21,0
8/7/2009 22:36,8/8/2009 9:13,saxon,df8,1.87,2.14,21,0
9/22/2009 12:32,9/22/2009 17:09,saxon,df8,0.61,0.32,21,0
8/3/2009 3:44,8/3/2009 7:17,saxon,df8,0.5,0.43,21,0
7/24/2010 3:11,7/24/2010 6:27,saxon,saxon,0.46,0.35,51,0.138189237
4/26/2009 14:52,4/26/2009 16:28,saxon,saxon,0.1,0.14,48,0.012962685
4/25/2009 21:19,4/26/2009 9:56,saxon,saxon,1.14,0.29,47,0.22392803
7/22/2010 9:26,7/22/2010 17:00,saxon,saxon,1.72,1.36,45,0.472754856
6/11/2010 12:14,6/11/2010 14:10,saxon,saxon,0.1,0.18,45,0
7/19/2008 23:38,7/20/2008 1:10,saxon,saxon,0.13,0.16,45,0
7/20/2008 3:57,7/20/2008 5:48,saxon,saxon,0.37,0.57,45,0.004027309
4/25/2008 17:35,4/25/2008 22:27,saxon,saxon,1.08,0.87,44,0.330124794
6/23/2010 20:52,6/23/2010 21:22,saxon,saxon,0.7,1.39,44,0.018265008
4/8/2010 8:17,4/8/2010 12:25,saxon,saxon,0.14,0.09,44,0.117459596
8/24/2007 15:31,8/24/2007 16:08,saxon,saxon,0.2,0.39,44,0
6/15/2010 14:24,6/15/2010 21:25,saxon,saxon,0.48,0.2,43,0.563008334
6/27/2010 2:35,6/27/2010 6:03,saxon,saxon,0.43,0.6,43,0.010843586
7/18/2010 9:44,7/18/2010 10:30,saxon,saxon,0.17,0.27,43,0
7/20/2010 19:59,7/20/2010 21:01,saxon,saxon,0.7,1.32,43,0.003968084
4/7/2010 16:00,4/7/2010 17:53,saxon,saxon,0.14,0.18,43,0
8/22/2007 3:23,8/22/2007 6:19,saxon,saxon,0.11,0.13,43,0
4/10/2008 11:43,4/11/2008 3:04,saxon,saxon,0.97,0.22,42,0.375997129
7/31/2010 3:13,7/31/2010 10:05,saxon,saxon,0.33,0.38,42,0
6/23/2010 4:52,6/23/2010 6:44,saxon,saxon,0.29,0.23,42,0
5/15/2007 15:35,5/15/2007 21:19,saxon,saxon,0.5,0.34,42,0
5/15/2007 10:36,5/15/2007 13:20,saxon,saxon,0.32,0.27,42,0
6/21/2010 21:48,6/22/2010 0:11,saxon,saxon,0.21,0.14,41,0
8/20/2007 21:58,8/21/2007 1:36,saxon,saxon,0.16,0.13,41,0
6/15/2010 10:32,6/15/2010 11:37,saxon,saxon,0.29,0.54,41,0
6/8/2008 18:23,6/9/2008 1:14,saxon,saxon,1.24,1.09,40,0.436790665
4/30/2009 9:08,4/30/2009 12:50,saxon,saxon,0.19,0.23,40,0
6/12/2008 13:32,6/13/2008 2:51,saxon,saxon,2.91,1.45,40,0.807708869
5/13/2010 1:10,5/13/2010 9:49,saxon,saxon,0.52,0.22,40,0.071551671
6/11/2010 6:19,6/11/2010 8:25,saxon,saxon,0.72,0.7,40,0.008213774
4/30/2010 18:49,4/30/2010 20:30,saxon,saxon,0.45,0.77,39,0
4/25/2008 11:25,4/25/2008 12:17,saxon,saxon,0.22,0.29,39,0.006530762
4/25/2009 7:00,4/25/2009 12:21,saxon,saxon,0.59,0.27,38,0.011126425
5/13/2009 18:55,5/13/2009 23:18,saxon,saxon,0.4,0.31,38,0
5/9/2009 0:16,5/9/2009 8:30,saxon,saxon,0.52,0.23,38,0
4/24/2010 23:39,4/25/2010 6:23,saxon,saxon,1.32,0.49,38,0.268691883
6/8/2010 11:09,6/9/2010 0:35,saxon,saxon,0.54,0.12,38,0
8/11/2010 5:46,8/11/2010 10:50,saxon,saxon,1.21,1.24,38,0.085774126
8/20/2010 16:45,8/20/2010 20:51,saxon,saxon,0.63,0.72,38,0
8/8/2010 4:28,8/8/2010 7:47,saxon,saxon,0.35,0.22,38,0
4/25/2008 3:46,4/25/2008 5:01,saxon,saxon,0.21,0.25,38,0
4/20/2009 23:35,4/21/2009 15:27,saxon,saxon,0.2,0.04,38,0
5/21/2010 5:49,5/21/2010 13:01,saxon,saxon,0.23,0.13,37,0
5/6/2009 17:11,5/6/2009 21:13,saxon,saxon,0.39,0.5,37,0
6/21/2008 17:16,6/21/2008 17:43,saxon,saxon,0.33,0.66,37,0
4/22/2008 12:56,4/22/2008 14:46,saxon,saxon,0.17,0.14,37,0
5/26/2010 18:24,5/26/2010 20:30,saxon,saxon,0.77,1.11,37,0.012184473
4/24/2008 18:33,4/25/2008 1:01,saxon,saxon,0.14,0.05,37,0
5/11/2010 4:27,5/11/2010 15:37,saxon,saxon,0.45,0.11,37,0
10/26/2009 14:40,10/26/2009 19:52,saxon,saxon,0.19,0.05,37,0
4/8/2008 14:25,4/8/2008 22:40,saxon,saxon,0.84,0.18,36,0.04541257
10/29/2009 22:51,10/30/2009 22:51,saxon,saxon,0.41,0.04,36,0
10/26/2009 1:37,10/26/2009 5:55,saxon,saxon,0.11,0.05,36,0
11/25/2009 19:55,11/26/2009 7:10,saxon,saxon,0.46,0.09,36,0
5/7/2010 9:03,5/8/2010 1:38,saxon,saxon,0.62,0.16,35,0
10/17/2007 22:51,10/18/2007 8:38,saxon,saxon,0.65,0.56,35,0
6/5/2010 16:54,6/5/2010 21:40,saxon,saxon,0.59,0.28,35,0
8/20/2009 16:54,8/20/2009 17:03,saxon,saxon,0.1,0.2,35,0
4/6/2010 20:20,4/7/2010 0:08,saxon,saxon,0.51,0.38,35,0.024622536
7/15/2010 0:44,7/15/2010 5:05,saxon,saxon,1,1.07,34,0.067560053
3/31/2009 15:19,3/31/2009 20:40,saxon,saxon,0.28,0.13,34,0
3/19/2010 16:59,3/19/2010 22:19,saxon,saxon,0.11,0.04,34,0
8/17/2009 15:46,8/17/2009 16:24,saxon,saxon,0.35,0.67,34,0
9/7/2007 4:41,9/7/2007 6:39,saxon,saxon,0.19,0.31,34,0
6/4/2010 7:01,6/4/2010 11:25,saxon,saxon,0.31,0.14,34,0
4/24/2010 5:40,4/24/2010 16:18,saxon,saxon,0.75,0.27,34,0
4/19/2009 18:27,4/20/2009 6:33,saxon,saxon,0.77,0.13,34,0
8/10/2009 8:38,8/10/2009 9:18,saxon,saxon,0.24,0.45,33,0
8/20/2009 8:29,8/20/2009 11:37,saxon,saxon,0.17,0.22,33,0
6/4/2007 9:14,6/4/2007 14:52,saxon,saxon,0.16,0.14,33,0
6/8/2008 7:50,6/8/2008 12:28,saxon,saxon,1,0.7,33,0.08409932
10/22/2009 20:59,10/23/2009 15:54,saxon,saxon,1.49,0.23,33,0
9/6/2010 8:27,9/6/2010 11:24,saxon,saxon,0.13,0.14,33,0
6/1/2007 21:24,6/1/2007 22:53,saxon,saxon,0.12,0.16,33,0
8/25/2009 15:16,8/25/2009 19:29,saxon,saxon,0.12,0.09,33,0
11/24/2009 20:01,11/25/2009 3:54,saxon,saxon,0.23,0.07,32,0
6/28/2008 15:55,6/28/2008 16:49,saxon,saxon,0.37,0.68,32,0
6/2/2007 13:17,6/2/2007 13:58,saxon,saxon,0.18,0.31,32,0
6/3/2007 15:32,6/3/2007 16:30,saxon,saxon,0.4,0.67,32,0
9/2/2010 19:23,9/2/2010 20:55,saxon,saxon,0.68,1.11,32,0
5/25/2009 23:33,5/26/2009 1:43,saxon,saxon,0.11,0.07,32,0
11/19/2009 0:32,11/19/2009 6:17,saxon,saxon,0.2,0.07,32,0
7/7/2010 11:03,7/7/2010 11:30,saxon,saxon,0.34,0.68,32,0
9/10/2007 10:05,9/10/2007 18:52,saxon,saxon,0.25,0.07,32,0
12/24/2009 17:31,12/25/2009 8:42,saxon,saxon,1.26,0.23,32,0.042696725
6/7/2008 21:17,6/7/2008 23:00,saxon,saxon,0.32,0.59,31,0
10/22/2009 3:21,10/22/2009 9:44,saxon,saxon,0.18,0.11,31,0
5/27/2009 7:32,5/27/2009 14:11,saxon,saxon,0.27,0.14,31,0
10/2/2007 22:44,10/2/2007 23:31,saxon,saxon,0.1,0.18,31,0
4/6/2010 6:55,4/6/2010 9:16,saxon,saxon,0.29,0.2,31,0
8/4/2008 14:34,8/4/2008 16:32,saxon,saxon,0.47,0.75,31,0
6/6/2009 14:30,6/6/2009 19:33,saxon,saxon,0.2,0.11,31,0
8/9/2009 15:04,8/9/2009 15:40,saxon,saxon,0.72,1.39,31,0
4/6/2010 0:30,4/6/2010 1:29,saxon,saxon,0.23,0.31,31,0
7/7/2008 20:47,7/7/2008 23:06,saxon,saxon,0.22,0.18,30,0
8/3/2008 18:51,8/3/2008 20:02,saxon,saxon,0.18,0.33,30,0
6/17/2009 5:23,6/17/2009 6:32,saxon,saxon,0.12,0.13,30,0
8/4/2008 4:44,8/4/2008 6:31,saxon,saxon,0.23,0.2,30,0
9/14/2008 9:18,9/14/2008 13:17,saxon,saxon,0.29,0.13,30,0
9/11/2010 4:47,9/11/2010 10:24,saxon,saxon,0.37,0.22,30,0
6/6/2008 13:25,6/6/2008 13:34,saxon,saxon,0.18,0.36,30,0
6/8/2009 0:47,6/8/2009 7:10,saxon,saxon,0.79,0.25,30,0
7/7/2008 0:43,7/7/2008 1:10,saxon,saxon,0.44,0.88,30,0
9/1/2010 0:44,9/1/2010 3:43,saxon,saxon,0.67,0.64,30,0
7/10/2010 17:13,7/10/2010 18:48,saxon,saxon,0.17,0.29,30,0
7/10/2008 18:48,7/10/2008 19:54,saxon,saxon,0.24,0.44,30,0
7/12/2008 3:19,7/12/2008 6:41,saxon,saxon,0.4,0.56,29,0
7/2/2008 9:53,7/2/2008 11:06,saxon,saxon,0.7,1.05,29,0
7/16/2008 15:19,7/16/2008 18:01,saxon,saxon,2.64,3.96,28,0.16116959
10/6/2009 10:40,10/6/2009 15:10,saxon,saxon,0.29,0.22,28,0
9/17/2007 15:22,9/17/2007 17:09,saxon,saxon,0.17,0.28,28,0
9/21/2007 20:13,9/21/2007 23:02,saxon,saxon,0.29,0.35,28,0
7/14/2010 20:37,7/14/2010 22:43,saxon,saxon,0.91,1.43,28,0
10/10/2007 12:36,10/10/2007 17:41,saxon,saxon,0.14,0.07,28,0
10/15/2009 16:55,10/16/2009 2:34,saxon,saxon,0.2,0.07,28,0
10/6/2009 6:16,10/6/2009 8:28,saxon,saxon,0.13,0.11,27,0
9/25/2007 5:05,9/25/2007 6:14,saxon,saxon,0.17,0.29,27,0
10/15/2007 23:41,10/16/2007 8:11,saxon,saxon,0.78,0.31,27,0
12/27/2008 21:57,12/28/2008 0:23,saxon,saxon,0.14,0.16,27,0
12/27/2008 13:17,12/27/2008 16:11,saxon,saxon,0.19,0.11,27,0
8/19/2007 21:32,8/20/2007 8:42,saxon,saxon,1.14,0.6,26,0
12/26/2008 9:32,12/26/2008 14:38,saxon,saxon,0.19,0.09,26,0
10/15/2008 5:34,10/15/2008 13:04,saxon,saxon,0.18,0.09,26,0
9/30/2007 23:57,10/1/2007 6:32,saxon,saxon,0.85,0.53,25,0
10/20/2008 2:22,10/20/2008 6:51,saxon,saxon,0.26,0.22,25,0
10/24/2008 6:48,10/24/2008 12:21,saxon,saxon,0.19,0.09,25,0
11/13/2008 19:18,11/13/2008 23:18,saxon,saxon,0.15,0.11,25,0
11/6/2008 12:22,11/6/2008 19:38,saxon,saxon,0.23,0.29,24,0
10/2/2009 3:40,10/2/2009 10:30,saxon,saxon,0.27,0.16,24,0
6/18/2007 20:33,6/19/2007 0:27,saxon,saxon,0.45,0.5,24,0
7/9/2007 9:41,7/9/2007 11:52,saxon,saxon,0.44,0.72,24,0
9/25/2009 19:48,9/25/2009 21:29,saxon,saxon,0.1,0.11,24,0
9/28/2009 4:21,9/28/2009 5:47,saxon,saxon,0.22,0.23,24,0
6/21/2007 2:04,6/21/2007 3:48,saxon,saxon,0.16,0.22,24,0
10/1/2009 21:13,10/1/2009 22:28,saxon,saxon,0.14,0.14,24,0
9/13/2008 5:16,9/13/2008 14:04,saxon,saxon,0.59,0.18,23,0
7/11/2009 0:41,7/11/2009 3:23,saxon,saxon,0.12,0.16,23,0
7/5/2007 17:07,7/5/2007 18:39,saxon,saxon,0.55,0.61,23,0
10/7/2008 13:56,10/8/2008 1:13,saxon,saxon,0.68,0.22,23,0
7/3/2007 19:47,7/3/2007 23:36,saxon,saxon,0.17,0.14,23,0
7/16/2007 9:07,7/16/2007 10:53,saxon,saxon,0.11,0.07,23,0
9/11/2008 17:26,9/11/2008 19:02,saxon,saxon,0.36,0.45,23,0
10/5/2008 16:52,10/6/2008 2:33,saxon,saxon,0.24,0.11,22,0
6/5/2008 5:39,6/5/2008 10:07,saxon,saxon,0.78,0.58,22,0
5/31/2008 3:27,5/31/2008 5:34,saxon,saxon,0.13,0.18,22,0
7/15/2009 1:40,7/15/2009 3:31,saxon,saxon,0.17,0.13,22,0
9/4/2008 8:46,9/4/2008 23:18,saxon,saxon,0.56,0.13,22,0
7/26/2007 18:08,7/26/2007 20:00,saxon,saxon,0.28,0.25,22,0
5/30/2008 1:32,5/30/2008 6:04,saxon,saxon,0.32,0.25,22,0
6/2/2008 21:00,6/3/2008 6:11,saxon,saxon,0.38,0.16,22,0
7/27/2009 17:09,7/27/2009 18:58,saxon,saxon,0.1,0.14,22,0
8/14/2007 8:44,8/14/2007 9:04,saxon,saxon,0.11,0.22,21,0
7/22/2009 9:13,7/22/2009 11:18,saxon,saxon,0.24,0.27,21,0
8/7/2009 22:36,8/8/2009 9:13,saxon,saxon,1.87,2.14,21,0
8/18/2007 14:00,8/19/2007 8:40,saxon,saxon,0.94,0.18,21,0
9/22/2009 12:32,9/22/2009 17:09,saxon,saxon,0.61,0.32,21,0
8/3/2009 3:44,8/3/2009 7:17,saxon,saxon,0.5,0.43,21,0
8/7/2007 0:12,8/7/2007 2:45,saxon,saxon,0.93,1.33,21,0
6/7/2008 21:35,6/8/2008 4:39,koepke,koepke,1.2,1.16,43,0.760171666
6/8/2008 10:04,6/8/2008 11:45,koepke,koepke,0.73,0.96,43,0.535241469
8/24/2007 17:59,8/24/2007 21:47,koepke,koepke,0.36,0.6,42,0.011634349
4/25/2008 16:56,4/25/2008 20:31,koepke,koepke,1,1.37,42,0.453927415
8/20/2007 8:16,8/20/2007 10:43,koepke,koepke,0.34,0.34,42,0.041297935
8/23/2007 5:28,8/23/2007 9:23,koepke,koepke,0.43,0.56,42,0.014730397
4/11/2008 0:03,4/11/2008 2:26,koepke,koepke,0.19,0.19,42,0
8/24/2007 2:34,8/24/2007 5:38,koepke,koepke,1.05,1.85,42,0.317929727
10/22/2006 5:42,10/22/2006 9:58,koepke,koepke,0.18,0.08,41,0
6/14/2008 16:59,6/14/2008 18:44,koepke,koepke,0.12,0.16,41,0
4/11/2008 10:51,4/11/2008 11:08,koepke,koepke,0.12,0.23,41,0
8/19/2007 20:34,8/20/2007 5:12,koepke,koepke,1.01,0.4,41,0.015904573
8/22/2007 16:44,8/22/2007 22:14,koepke,koepke,1.45,2.04,41,0.262528945
11/29/2006 17:17,11/29/2006 22:42,koepke,koepke,0.32,0.12,40,0
4/25/2008 10:24,4/25/2008 11:39,koepke,koepke,0.74,1.21,40,0.150073473
5/30/2006 18:29,5/30/2006 21:59,koepke,koepke,0.22,0.16,40,0
8/7/2007 3:52,8/7/2007 6:45,koepke,koepke,0.22,0.13,40,0
1/2/2006 8:26,1/2/2006 14:56,koepke,koepke,0.59,0.32,40,0
8/29/2007 14:19,8/29/2007 14:55,koepke,koepke,0.14,0.19,40,0
8/22/2007 2:16,8/22/2007 4:54,koepke,koepke,0.94,1.41,40,0.01127311
11/29/2006 3:56,11/29/2006 5:36,koepke,koepke,0.23,0.35,40,0
8/27/2007 10:17,8/27/2007 12:42,koepke,koepke,0.47,0.36,40,0
6/12/2008 13:29,6/13/2008 2:29,koepke,koepke,2.23,0.69,40,0.475358423
10/18/2007 2:25,10/18/2007 6:54,koepke,koepke,0.16,0.18,40,0
10/2/2007 22:43,10/2/2007 22:55,koepke,koepke,0.21,0.42,39,0
8/15/2007 8:18,8/15/2007 13:47,koepke,koepke,0.22,0.17,39,0
9/14/2008 3:39,9/14/2008 13:33,koepke,koepke,0.44,0.14,39,0
4/2/2006 20:26,4/3/2006 7:55,koepke,koepke,0.98,0.29,39,0
12/22/2006 4:59,12/22/2006 19:37,koepke,koepke,1.39,0.43,39,0.007902299
10/18/2006 15:46,10/18/2006 19:49,koepke,koepke,0.22,0.14,39,0
8/9/2007 5:11,8/9/2007 7:49,koepke,koepke,0.89,1.26,39,0
8/12/2007 1:23,8/12/2007 2:57,koepke,koepke,0.39,0.3,39,0
3/31/2008 11:15,3/31/2008 13:31,koepke,koepke,0.37,0.46,38,0
9/13/2008 17:35,9/13/2008 19:12,koepke,koepke,0.13,0.14,38,0
4/10/2008 9:27,4/10/2008 20:30,koepke,koepke,1,0.42,38,0.027058474
8/14/2007 3:30,8/14/2007 5:47,koepke,koepke,0.43,0.32,38,0
6/2/2006 1:06,6/2/2006 1:34,koepke,koepke,0.1,0.2,38,0
4/2/2006 12:13,4/2/2006 13:35,koepke,koepke,0.13,0.14,38,0
10/21/2006 17:44,10/22/2006 0:38,koepke,koepke,0.56,0.17,38,0
4/26/2007 4:40,4/26/2007 13:43,koepke,koepke,0.95,0.45,38,0.007039868
4/13/2006 22:19,4/13/2006 22:28,koepke,koepke,0.11,0.21,38,0
4/3/2007 1:15,4/3/2007 8:35,koepke,koepke,1.71,0.51,38,0.090960294
1/1/2006 18:09,1/2/2006 2:18,koepke,koepke,0.32,0.16,37,0
4/3/2008 19:59,4/4/2008 0:12,koepke,koepke,0.16,0.08,37,0
11/12/2006 9:20,11/12/2006 15:34,koepke,koepke,0.17,0.04,37,0
8/6/2007 23:17,8/7/2007 1:46,koepke,koepke,0.6,0.79,37,0
8/18/2007 12:37,8/19/2007 12:23,koepke,koepke,2.87,0.47,37,0.001867965
4/6/2006 22:16,4/7/2006 9:03,koepke,koepke,2.11,1.2,37,0.151589863
5/12/2006 4:07,5/12/2006 18:58,koepke,koepke,0.34,0.07,37,0
9/25/2007 18:06,9/25/2007 21:24,koepke,koepke,0.29,0.21,37,0
9/30/2007 23:00,10/1/2007 3:05,koepke,koepke,0.48,0.32,37,0
4/8/2008 13:17,4/8/2008 21:38,koepke,koepke,1.14,0.27,37,0
4/12/2006 5:55,4/12/2006 9:58,koepke,koepke,0.24,0.25,36,0
8/25/2006 12:46,8/25/2006 14:51,koepke,koepke,0.17,0.22,36,0
10/16/2006 20:41,10/17/2006 8:22,koepke,koepke,0.82,0.35,36,0
9/25/2007 7:18,9/25/2007 8:49,koepke,koepke,0.1,0.17,36,0
3/30/2006 23:47,3/31/2006 2:56,koepke,koepke,0.31,0.32,36,0
3/31/2007 21:22,4/1/2007 0:54,koepke,koepke,0.62,0.77,36,0.003497174
12/31/2005 11:08,12/31/2005 14:17,koepke,koepke,0.19,0.11,36,0
4/24/2007 22:00,4/25/2007 7:36,koepke,koepke,0.28,0.1,36,0
6/7/2008 16:00,6/7/2008 19:22,koepke,koepke,1.37,1.58,36,0.210937214
5/30/2006 11:00,5/30/2006 11:56,koepke,koepke,0.54,0.86,36,0
7/30/2006 7:52,7/30/2006 9:04,koepke,koepke,0.23,0.39,36,0
9/21/2007 20:16,9/21/2007 23:01,koepke,koepke,0.35,0.26,36,0
10/26/2006 18:26,10/26/2006 22:14,koepke,koepke,0.15,0.08,36,0
10/4/2006 5:16,10/4/2006 8:00,koepke,koepke,2.07,3.29,36,0.519552917
6/6/2008 7:56,6/6/2008 12:44,koepke,koepke,0.26,0.42,36,0
12/31/2006 7:33,12/31/2006 10:57,koepke,koepke,0.14,0.08,35,0
10/10/2006 20:10,10/11/2006 13:44,koepke,koepke,0.62,0.15,35,0
3/31/2008 2:40,3/31/2008 5:42,koepke,koepke,0.39,0.31,35,0
5/29/2006 15:50,5/29/2006 16:08,koepke,koepke,0.17,0.33,35,0
9/7/2007 3:57,9/7/2007 5:52,koepke,koepke,0.11,0.19,35,0
3/31/2007 15:51,3/31/2007 17:04,koepke,koepke,0.23,0.44,35,0
5/2/2008 11:21,5/2/2008 12:46,koepke,koepke,0.25,0.38,35,0
8/1/2006 19:09,8/1/2006 20:17,koepke,koepke,0.41,0.8,35,0
10/15/2007 21:28,10/16/2007 7:17,koepke,koepke,0.91,0.36,35,0
3/22/2007 2:00,3/22/2007 4:51,koepke,koepke,0.78,0.76,35,0.017219627
7/10/2007 16:17,7/10/2007 16:25,koepke,koepke,0.22,0.44,34,0
8/24/2006 11:57,8/24/2006 15:35,koepke,koepke,0.3,0.18,34,0
11/26/2006 19:42,11/27/2006 2:25,koepke,koepke,0.27,0.14,34,0
5/25/2006 15:08,5/25/2006 17:45,koepke,koepke,0.41,0.43,34,0
4/24/2007 14:38,4/24/2007 19:47,koepke,koepke,0.23,0.1,34,0
6/4/2007 6:52,6/4/2007 14:06,koepke,koepke,0.45,0.42,34,0
9/10/2007 7:12,9/10/2007 19:55,koepke,koepke,0.92,0.21,34,0
11/10/2006 13:09,11/10/2006 15:56,koepke,koepke,0.36,0.21,34,0
11/23/2005 12:46,11/23/2005 14:01,koepke,koepke,0.13,0.14,34,0
7/26/2007 22:31,7/27/2007 2:16,koepke,koepke,0.53,0.52,34,0
5/25/2006 11:34,5/25/2006 11:44,koepke,koepke,0.14,0.27,34,0
6/6/2006 23:38,6/6/2006 23:59,koepke,koepke,0.62,1.24,33,0
12/21/2006 7:02,12/21/2006 16:15,koepke,koepke,0.24,0.14,33,0
10/14/2007 11:02,10/14/2007 15:14,koepke,koepke,0.18,0.09,33,0
7/24/2006 6:33,7/24/2006 6:44,koepke,koepke,0.12,0.24,33,0
4/23/2007 3:06,4/23/2007 6:55,koepke,koepke,0.42,0.33,33,0
4/22/2006 2:57,4/22/2006 4:27,koepke,koepke,0.14,0.2,33,0
6/2/2007 11:35,6/2/2007 14:52,koepke,koepke,0.24,0.31,33,0
6/28/2006 17:55,6/28/2006 19:12,koepke,koepke,0.31,0.48,33,0
8/6/2006 7:01,8/6/2006 12:15,koepke,koepke,0.61,0.52,33,0
8/9/2006 22:20,8/9/2006 23:24,koepke,koepke,0.15,0.2,32,0
3/21/2007 18:51,3/21/2007 19:57,koepke,koepke,0.34,0.37,32,0
5/24/2006 19:42,5/24/2006 20:22,koepke,koepke,0.43,0.81,32,0
4/24/2008 17:53,4/24/2008 20:39,koepke,koepke,0.15,0.14,32,0
4/25/2008 2:13,4/25/2008 4:29,koepke,koepke,1.22,1.03,32,0.005747126
6/26/2006 6:11,6/26/2006 8:28,koepke,koepke,0.19,0.13,32,0
7/27/2006 14:21,7/27/2006 16:33,koepke,koepke,0.75,1.28,32,0
7/14/2007 4:03,7/14/2007 6:45,koepke,koepke,0.19,0.19,32,0
8/4/2007 16:41,8/5/2007 6:45,koepke,koepke,1.27,0.94,32,0
6/21/2006 6:54,6/21/2006 7:53,koepke,koepke,0.24,0.42,31,0
5/16/2007 17:24,5/16/2007 18:14,koepke,koepke,0.13,0.21,31,0
5/11/2006 4:24,5/12/2006 0:28,koepke,koepke,0.99,0.16,31,0
6/25/2006 19:26,6/25/2006 22:18,koepke,koepke,0.46,0.51,31,0
9/12/2006 13:51,9/12/2006 16:10,koepke,koepke,0.76,0.68,31,0
9/23/2006 13:17,9/23/2006 17:54,koepke,koepke,0.28,0.16,31,0
5/9/2006 15:49,5/9/2006 20:03,koepke,koepke,0.27,0.18,31,0
9/22/2006 6:22,9/22/2006 8:10,koepke,koepke,0.13,0.13,30,0
9/13/2008 0:08,9/13/2008 11:30,koepke,koepke,1.09,0.34,30,0
10/2/2006 18:25,10/2/2006 21:03,koepke,koepke,0.54,0.82,30,0
9/30/2006 17:14,9/30/2006 17:33,koepke,koepke,0.1,0.2,30,0
9/8/2008 9:48,9/8/2008 16:12,koepke,koepke,0.13,0.05,30,0
7/20/2008 0:40,7/20/2008 3:12,koepke,koepke,0.17,0.18,30,0
4/29/2006 17:18,4/29/2006 22:56,koepke,koepke,0.22,0.11,29,0
4/30/2006 3:12,4/30/2006 16:49,koepke,koepke,0.71,0.16,29,0
7/16/2008 16:19,7/16/2008 16:27,koepke,koepke,0.16,0.32,29,0
5/15/2007 11:20,5/15/2007 18:20,koepke,koepke,0.63,0.43,29,0
6/18/2006 5:50,6/18/2006 14:58,koepke,koepke,0.84,0.39,29,0
7/20/2006 3:02,7/20/2006 5:25,koepke,koepke,0.99,1.45,29,0
5/11/2008 4:54,5/11/2008 9:02,koepke,koepke,0.17,0.15,29,0
9/4/2006 11:44,9/4/2006 16:07,koepke,koepke,0.15,0.09,29,0
11/20/2007 17:38,11/20/2007 22:35,koepke,koepke,0.1,0.07,29,0
6/18/2007 19:02,6/19/2007 0:31,koepke,koepke,0.26,0.21,29,0
9/12/2006 4:36,9/12/2006 9:29,koepke,koepke,0.26,0.16,29,0
7/2/2008 11:28,7/2/2008 11:47,koepke,koepke,0.28,0.56,29,0
7/2/2008 18:00,7/2/2008 19:45,koepke,koepke,0.42,0.57,29,0
7/12/2008 3:05,7/12/2008 6:22,koepke,koepke,0.47,0.66,29,0
7/26/2007 7:44,7/26/2007 12:11,koepke,koepke,1.29,1.44,28,0
7/10/2008 18:25,7/10/2008 18:47,koepke,koepke,0.11,0.22,28,0
7/10/2008 23:21,7/11/2008 7:23,koepke,koepke,0.54,0.33,28,0
7/7/2008 20:36,7/8/2008 2:16,koepke,koepke,0.93,0.95,28,0
6/1/2007 18:50,6/1/2007 20:47,koepke,koepke,1.01,1.58,28,0.001590957
7/7/2008 8:08,7/7/2008 9:14,koepke,koepke,0.7,0.82,27,0
7/9/2006 18:46,7/9/2006 19:00,koepke,koepke,0.24,0.48,27,0
7/11/2006 10:14,7/11/2006 17:56,koepke,koepke,0.86,0.38,27,0
6/26/2007 16:43,6/26/2007 17:05,koepke,koepke,0.12,0.23,27,0
9/25/2005 20:35,9/25/2005 22:28,koepke,koepke,0.126,0.144,27,0
8/4/2008 13:38,8/4/2008 14:41,koepke,koepke,0.34,0.65,27,0
9/22/2005 10:58,9/22/2005 11:29,koepke,koepke,0.101,0.184,27,0
9/10/2006 15:24,9/11/2006 2:03,koepke,koepke,0.24,0.14,27,0
9/11/2006 10:50,9/11/2006 22:33,koepke,koepke,0.46,0.23,27,0
5/31/2007 12:38,5/31/2007 14:14,koepke,koepke,0.64,1,27,0
7/9/2007 11:38,7/9/2007 13:15,koepke,koepke,0.98,1.82,27,0
8/18/2006 15:36,8/18/2006 18:55,koepke,koepke,0.24,0.34,27,0
9/25/2005 11:12,9/25/2005 13:45,koepke,koepke,0.254,0.308,26,0
8/4/2008 5:10,8/4/2008 6:32,koepke,koepke,0.3,0.5,26,0
6/5/2008 4:37,6/5/2008 9:05,koepke,koepke,1.71,1.69,26,0.031224399
8/13/2008 15:01,8/13/2008 18:42,koepke,koepke,0.12,0.09,26,0
8/23/2006 21:14,8/24/2006 6:29,koepke,koepke,0.87,0.64,25,0
7/3/2007 19:58,7/4/2007 0:56,koepke,koepke,0.58,0.83,25,0
7/3/2007 12:35,7/3/2007 14:09,koepke,koepke,0.68,0.73,25,0
9/4/2008 1:57,9/4/2008 21:24,koepke,koepke,1.32,0.23,25,0
5/25/2008 20:44,5/25/2008 22:29,koepke,koepke,0.39,0.43,25,0
5/30/2008 1:25,5/30/2008 9:04,koepke,koepke,0.56,0.5,24,0
6/4/2005 23:57,6/5/2005 4:59,koepke,koepke,0.16,0.16,24,0
9/13/2005 18:14,9/13/2005 18:32,koepke,koepke,0.28,0.56,24,0
8/4/2005 4:17,8/4/2005 5:24,koepke,koepke,0.14,0.18,24,0
7/25/2005 21:32,7/26/2005 1:14,koepke,koepke,0.96,0.91,24,0
9/19/2005 6:03,9/19/2005 8:11,koepke,koepke,0.297,0.324,24,0
9/22/2005 1:28,9/22/2005 5:17,koepke,koepke,1.171,1.208,24,0
9/7/2005 15:35,9/7/2005 17:22,koepke,koepke,0.65,1.06,24,0
6/30/2005 2:20,6/30/2005 3:37,koepke,koepke,0.14,0.24,24,0
6/26/2005 20:07,6/26/2005 22:04,koepke,koepke,0.49,0.83,23,0
7/4/2005 3:43,7/4/2005 5:46,koepke,koepke,0.19,0.24,23,0
6/4/2005 14:14,6/4/2005 15:34,koepke,koepke,0.49,0.74,23,0
7/4/2005 8:27,7/4/2005 10:38,koepke,koepke,0.45,0.55,23,0
8/11/2005 23:27,8/12/2005 1:34,koepke,koepke,0.14,0.16,23,0
7/23/2005 15:34,7/23/2005 17:17,koepke,koepke,0.53,0.8,23,0
8/26/2005 21:30,8/27/2005 0:35,koepke,koepke,1.61,1.4,23,0
8/18/2005 8:50,8/18/2005 11:43,koepke,koepke,0.42,0.25,23,0
7/21/2005 10:22,7/21/2005 12:32,koepke,koepke,0.7,0.94,23,0
6/25/2005 22:40,6/26/2005 0:28,koepke,koepke,0.66,0.82,22,0
7/20/2005 11:00,7/20/2005 11:49,koepke,koepke,0.27,0.45,22,0
